,BERT_label,BERT_score,neg_val,pos_val,neu_val,comp_val,text
0,['POSITIVE'],[0.999546468257904],0.0,0.419,0.581,0.9285,"Wow sir This is very strong project and this projector has a lot of attractions, so hopefully the project will be bâ€¦ https://t.co/retou6qGDf"
1,['NEGATIVE'],[0.9935991764068604],0.123,0.1,0.776,-0.128,"Don Chaplin
0.2 ETH âš¡

https://t.co/klwIjep76X

Join The Discord 
For Giveaways ğŸ‘‡

https://t.co/RRzSLIwTXN

#BTCâ€¦ https://t.co/axX4ICiM88"
2,['NEGATIVE'],[0.9983165264129639],0.054,0.0,0.946,-0.0516,"RT @Doshi_Token: DÅshi x @CryptoKing_NFT 

https://t.co/SLSWDaS0TO

You can leave it in ethereum or just buy $Doshi â€¦.
25+ buys in a rowâ€¦"
3,['POSITIVE'],[0.999833345413208],0.339,0.661,0.0,0.5067,Beauty!!! ğŸ”¥
4,['NEGATIVE'],[0.994526207447052],0.0,0.0,1.0,0.0,"RT @AirdropStario: ğŸ’§ LOCKON Airdrop ğŸ’§

ğŸ† Task:       â• 10 LOCK (~$3) for 5000 random participants each.

ğŸ‘¨â€ğŸ‘©â€ğŸ‘§ Referral:â• 100 LOCK (~$30) fâ€¦"
5,['POSITIVE'],[0.9961652755737305],0.119,0.337,0.545,0.6597,"The project seems to have great potential ğŸ”¥
Should definitely feature it on @GlobalNftCentre"
6,['NEGATIVE'],[0.9968788623809814],0.0,0.0,1.0,0.0,"RT @GACCSalesBot: M1 Mutant Serum bought for 0.209 ETH on OpenSea ğŸŒŠ https://t.co/191s17Lzhd 
 #GACC #MACC #GrandpaApeCountryClub #MutantApeâ€¦"
7,['NEGATIVE'],[0.998008668422699],0.0,0.0,1.0,0.0,"RT @GACCSalesBot: Grandpa Ape #1665 (Rank: #4328) bought for 0.62 ETH on OpenSea ğŸŒŠ https://t.co/rGJZTkBZvx 
 #GACC #GrandpaApeCountryClub #â€¦"
8,['NEGATIVE'],[0.9968574047088623],0.0,0.108,0.892,0.4404,"RT @metararity: ğŸ#NFTGiveawayğŸ

We've partnered with @Lapix_Zero to give away

$400 (4x $100) #ETH or #Solana
10x LAPIX-ZERO WL Spots
1x LAâ€¦"
9,['NEGATIVE'],[0.9958368539810181],0.0,0.0,1.0,0.0,"RT @Chinonye_NA: The first Piece from my new collection MMG:Metaverse Material Gworls is now available on @opensea for 0.1 $ETH

https://t.â€¦"
10,['NEGATIVE'],[0.9966312050819397],0.0,0.0,1.0,0.0,Space Rider #228 bought for 0.043 ETH on OpenSea ğŸŒŠ https://t.co/jQ7exb8JGA
11,['NEGATIVE'],[0.973296046257019],0.0,0.0,1.0,0.0,@The3thNation miaomiao666.eth
12,['NEGATIVE'],[0.9947559833526611],0.117,0.161,0.722,0.2023,"RT @WWH66027871: $1600 in $ETH random #Airdrop 

Follow  + RT ğŸ

Drop addressğŸ†"
13,['NEGATIVE'],[0.9434464573860168],0.0,0.248,0.752,0.7639,"RT @RaritySniperNFT: Giveaway! ğŸ‰â€
â€
We are giving away 12x PSILO NFTs from @psilonft, worth ~1 ETH! ğŸ¤–
â€
To enter:â€
1. Follow @RaritySniperNâ€¦"
14,['NEGATIVE'],[0.9890594482421875],0.286,0.0,0.714,-0.5859,"@BSCGemsAlert @InuSaitama @DogelonMars @BabyDogeCoin @FEGtoken @BabyDogeCoin ğŸ”¥ğŸ”¥ğŸš€ğŸš€
#Binance
#kucoin
#ElonMuskâ€¦ https://t.co/L1rXTadjrg"
15,['NEGATIVE'],[0.9661948680877686],0.0,0.436,0.564,0.8176,"RT @elizajayla: $1000 $ETH  Winners ğŸğŸ†

Like + Follow me ğŸ’¯"
16,['NEGATIVE'],[0.9966636300086975],0.077,0.324,0.599,0.7906,"@wroldcryptonews ğŸ˜ Frozen Metadata ğŸ… ERC-1155 ğŸ¥‡ 1/1 ğŸ–ï¸ 0.8 $ETH ğŸ¤“
https://t.co/kHThKKHOnW"
17,['NEGATIVE'],[0.9959308505058289],0.0,0.0,1.0,0.0,"https://t.co/hWTbesq628
#NFT #NFTs #NFTCommmunity #NFTGiveaway #nftcollector #NFTdrop #NFTcollections #NFTartistâ€¦ https://t.co/Z4mlmDfQ0q"
18,['NEGATIVE'],[0.9791780710220337],0.0,0.0,1.0,0.0,"RT @Candy_Robbers: There will be only 5000 Candy Robbers! All of them can participate to monthly robberies ğŸ¬

Whitelist &amp; OG Price: 0.069 Eâ€¦"
19,['NEGATIVE'],[0.9943062663078308],0.323,0.0,0.677,-0.6486,They keep @Algorand the Ethereum Killer. ğŸ‘€ $algo https://t.co/cg700ZQBZx https://t.co/uDRGgwdnOj
20,['NEGATIVE'],[0.9970327615737915],0.0,0.224,0.776,0.6971,"RT @HodlTarantula: PSA:  
#BITCOIN ON EXCHANGES IS BEING REHYPOTHICATED. 

I KNOW CAUSE THEY ARE  REACHING  OUT TO MINERS LIKE MYSELF FOR Lâ€¦"
21,['NEGATIVE'],[0.99960857629776],0.204,0.0,0.796,-0.5574,"RT @Quinnvestments: Just since Nov, #MicroStrategy @saylor has lost -$4,173,741,400 on his holding of 129,218 #Bitcoin incl. today's loss oâ€¦"
22,['NEGATIVE'],[0.9919440746307373],0.0,0.144,0.856,0.4019,"RT @optionsking8: #ICICIBank our long term investment pick since yesterday.ğŸ’¯
#StockMarket #Nifty
#Sensex #Bitcoin https://t.co/yM9rtek0vd"
23,['NEGATIVE'],[0.9977959394454956],0.0,0.0,1.0,0.0,"RT @GACCSalesBot: Grandpa Ape #3442 (Rank: #4259) bought for 0.619 ETH on OpenSea ğŸŒŠ https://t.co/A2Z7JiAyXh 
 #GACC #GrandpaApeCountryClubâ€¦"
24,['NEGATIVE'],[0.9987151622772217],0.0,0.0,1.0,0.0,Uck it!! The subdomain possibilities of this UCK.eth #3letter ens domain are endlessâ€¦ #3letterclub https://t.co/MGOSFmPaNf
25,['POSITIVE'],[0.9669824838638306],0.0,0.0,1.0,0.0,The first #Bitcoin  ATM in Mexico has been installed.
26,['NEGATIVE'],[0.9969256520271301],0.0,0.323,0.677,0.8225,"RT @SabianNFT: $3,500 #ETH âœ¨

Like, Follow Me &amp; Retweet
Show me you have notis on

Winner announced tonight, with proof."
27,['POSITIVE'],[0.9288812875747681],0.077,0.092,0.831,0.126,"RT @officialXQK: ğŸ’¥Join us on our missionğŸ’¥

â¤ï¸â€ğŸ©¹Our series of unique NFTs made by a lady that received help when it was needed the most!

âœ´ï¸â€¦"
28,['NEGATIVE'],[0.9953946471214294],0.0,0.119,0.881,0.4215,"RT @AirdropStario: ğŸ’§ Adashe Crypto Airdrop ğŸ’§

ğŸ† Task:        â• $5 worth of ADSE for 2000 random participants

ğŸ‘¨â€ğŸ‘©â€ğŸ‘§ Referral: â• $50 worth oâ€¦"
29,['NEGATIVE'],[0.9810282588005066],0.0,0.24,0.76,0.5766,"$BTC $ETH $DOGE  Crowd-sourced alerts, ranking system, and get paid being a top contributor. JOIN CTâ€¦ https://t.co/FyyiOmJNWD"
30,['NEGATIVE'],[0.9990708827972412],0.098,0.298,0.604,0.6486,@drawpie @elonmusk He is too smart to publicly support or even criticize a project like $ETC. He doesn't understandâ€¦ https://t.co/oPBjlzTuJI
31,['NEGATIVE'],[0.9969063401222229],0.0,0.211,0.789,0.5859,"RT @yasamurai021: RBXSamurai The only name that shines when it comes to providing Marketing solutions.
ğŸ…
Telegram link
https://t.co/i2UuVzhâ€¦"
32,['POSITIVE'],[0.9932461977005005],0.0,0.651,0.349,0.5766,L for me
33,['NEGATIVE'],[0.9852758646011353],0.0,0.0,1.0,0.0,"@Artistwithwords @foundation â€œFreedomâ€
0.2 #ETH
https://t.co/Q0kOzlSscW
https://t.co/4aTpLMigOX"
34,['POSITIVE'],[0.9991394281387329],0.0,0.432,0.568,0.5859,"Amazing project
Dm it on @nftplanett"
35,['NEGATIVE'],[0.9938663840293884],0.0,0.267,0.733,0.7906,"RT @itsDozmazek: $1000 #ETH âœ¨ 

- Like, RT &amp; Follow Myself ( ğŸ”” )
- Tag A Friend

(Unlimited Entries, 1 Tag = 1 Entry)"
36,['POSITIVE'],[0.9961652755737305],0.119,0.337,0.545,0.6597,"The project seems to have great potential ğŸ”¥
Should definitely feature it on @GlobalNftCentre"
37,['POSITIVE'],[0.9788843393325806],0.0,0.283,0.717,0.8436,"RT @AccuseNFT: My huge giveaway! 

To celebrate elon musk buying twitter Iâ€™ll give NFTâ€™s or ETH to 20 people who rt , like and follow me!"
38,['NEGATIVE'],[0.8502200841903687],0.0,0.224,0.776,0.636,"RT @akoBABIDO: Discover &amp; Collect Epic UnicornsğŸ¦„
Sound OnğŸ”Š@crypto_unicorns 
#ContentCreatorGenesisEggContestğŸ‰
Join us! https://t.co/sN5yVdEâ€¦"
39,['NEGATIVE'],[0.9971563816070557],0.0,0.0,1.0,0.0,"RT @GACCSalesBot: Grandpa Ape #3769 (Rank: #2061) bought for 1.17 ETH on OpenSea ğŸŒŠ https://t.co/itCVU5iKwT 
 #GACC #GrandpaApeCountryClub #â€¦"
40,['NEGATIVE'],[0.9947308301925659],0.0,0.0,1.0,0.0,"RT @ZiglaProject: ğŸ‘½ YOU'RE EARLY ğŸ‘½

Any Interaction Will Be Considered For WL! ğŸ””

#NFTs #NFTCommunity #NFTdrop #NFT #NFTGiveaway #Ethereumâ€¦"
41,['NEGATIVE'],[0.9973213076591492],0.0,0.0,1.0,0.0,"RT @GACCSalesBot: M1 Mutant Serum bought for 0.21 ETH on OpenSea ğŸŒŠ https://t.co/191s17Lzhd 
 #GACC #MACC #GrandpaApeCountryClub #MutantApeCâ€¦"
42,['NEGATIVE'],[0.991107165813446],0.0,0.0,1.0,0.0,"RT @Riska_ibusaLsa: Menteri BUMN @erickthohir memberikan rumah utk keluarga korban Mei 1998

Berawal dr Erick beserta jajaran BUMN, termasuâ€¦"
43,['NEGATIVE'],[0.9944062232971191],0.0,0.0,1.0,0.0,"RT @AirdropStario: ğŸ’§ DaystarCoin Airdrop ğŸ’§

ğŸ† Task:          â•  Up to 6 DACN (~$30)

ğŸ‘¨â€ğŸ‘©â€ğŸ‘§ Referral:   â•  3 DACN (~$15)

ğŸ”› Airdrop Link &amp; Iâ€¦"
44,['POSITIVE'],[0.9917055368423462],0.0,0.13,0.87,0.3976,"RT @VitalikButerin: Possibly the biggest attempt at non-token-holder-centric DAO governance so far. Excited to see where this goes.

ğŸ‘€"
45,['NEGATIVE'],[0.9975626468658447],0.048,0.13,0.822,0.5267,"RT @0xHustler: Iâ€™ll pay a random personâ€™s rent on 5/1/22 who retweets this tweet within the next 96 hours. Paid in $ETH.

Winner must be foâ€¦"
46,['NEGATIVE'],[0.9912025928497314],0.0,0.18,0.82,0.6705,"RT @Promoterhelinss: ğŸ¥³  HIZLI Ã‡EKÄ°LÄ°Å ğŸš¨

1 KiÅŸiye 100.000 #shiba hediye ğŸ

Bu twiti Retweet yap ve beÄŸenâ—

@Promoterhelinss hesabÄ±nÄ± takipâ€¦"
47,['NEGATIVE'],[0.9959706664085388],0.108,0.17,0.722,0.296,"RT @iChieTsukiko: Free #NFT giveawayğŸš¨

Drop your $ETH address, Follow &amp; RT https://t.co/nil8D6CIQy"
48,['NEGATIVE'],[0.9745563864707947],0.0,0.228,0.772,0.7345,"RT @MetaRarityNFT: ğŸGIVEAWAY!ğŸ

Prizes:
ğŸ† $50 #ETH #Solana
ğŸ† 5x Wrapped Hotels Whitelist Spots

To Enter:
1âƒ£Follow @WrappedHotels &amp; @MetaRaâ€¦"
49,['NEGATIVE'],[0.9903501868247986],0.156,0.0,0.844,-0.34,"RT @emmygy_: $100 in #ETH, 12 hours â°

-RT + Follow Me ğŸ””"
50,['NEGATIVE'],[0.9921771883964539],0.0,0.241,0.759,0.6597,"we are glad to announce that @QuillAudits started a security Audit for Metamerce Project. 

the Audit process willâ€¦ https://t.co/vNuct2PsUT"
51,['NEGATIVE'],[0.9943144917488098],0.109,0.287,0.605,0.6607,"New Free Options and crypto  Discord! 
LINK IN BIO! JOIN NOW!
https://t.co/gydADeEjGl
$BTC $ETH $ECH $BCH $LTCâ€¦ https://t.co/BhfsTMfPz6"
52,['NEGATIVE'],[0.9845685958862305],0.116,0.0,0.884,-0.3612,"Looking forward to witnessing #Avax flip $Eth before my funeral which starts countdown to 10year.

1 #BTC = 1 #Monero."
53,['POSITIVE'],[0.9976497292518616],0.0,0.0,1.0,0.0,"RT @rodrigo_hodl: Tell me about a project that brings something unique to the scene ğŸ’

#NFT #NFTs #NFTCommunity #BSCGems #ETHGems #MagicEdeâ€¦"
54,['POSITIVE'],[0.5207127928733826],0.058,0.337,0.604,0.911,"RT @RealMoneyApe: WIN 0.02 $ETH | 48HğŸ”¥

To help you get a hold of a FREE @BEANS_nfts pet on 4/27 we are giving 0.02 ETH!
You'll need it toâ€¦"
55,['NEGATIVE'],[0.999681830406189],0.0,0.0,1.0,0.0,"If you understand #Bitcoin, you understand 100k #Bitcoin is inevitable."
56,['POSITIVE'],[0.9971802234649658],0.0,0.464,0.536,0.3818,Promote it on @NftEliteClub
57,['NEGATIVE'],[0.9875049591064453],0.0,0.33,0.67,0.8957,"RT @lalfye: $1000 #ETH âœ¨ 

- Like, RT &amp; Follow Myself ( ğŸ”” )
- Tag A Friend

(Unlimited Entries, 1 Tag = 1 Entry)

Winner announced tomorrow."
58,['NEGATIVE'],[0.9434464573860168],0.0,0.248,0.752,0.7639,"RT @RaritySniperNFT: Giveaway! ğŸ‰â€
â€
We are giving away 12x PSILO NFTs from @psilonft, worth ~1 ETH! ğŸ¤–
â€
To enter:â€
1. Follow @RaritySniperNâ€¦"
59,['NEGATIVE'],[0.9975878000259399],0.0,0.0,1.0,0.0,"RT @findurnemo: They told me I couldnâ€™t list and sell my art at 1 ETH. 

a thread:ğŸ§µ1/ https://t.co/GyeVB39Nse"
60,['POSITIVE'],[0.9961073994636536],0.0,0.139,0.861,0.5719,RT @ThePhatPenguins: While these fly off the charts.. thought this was a perfect time to announce our next giveaway. When we are fully mintâ€¦
61,['NEGATIVE'],[0.9891204833984375],0.0,0.0,1.0,0.0,"@HugoChavez Doors of Destiny - Anime Project #NFTdrop #NFTs #NFTCommunity
https://t.co/h8TXbNT7GP"
62,['NEGATIVE'],[0.9968788623809814],0.0,0.0,1.0,0.0,"RT @GACCSalesBot: M1 Mutant Serum bought for 0.209 ETH on OpenSea ğŸŒŠ https://t.co/191s17Lzhd 
 #GACC #MACC #GrandpaApeCountryClub #MutantApeâ€¦"
63,['NEGATIVE'],[0.9979436993598938],0.139,0.0,0.861,-0.2732,"RT @johnmorganFL: Bitcoin Price Analysis: BTC still at Risk of Dipping Below $38k

https://t.co/axTgU3gcQ0"
64,['NEGATIVE'],[0.9931915402412415],0.083,0.153,0.764,0.25,"RT @metararity: ğŸ#GiveawayğŸ

We've partnered with @crazycatznft to give away

$400 (4x $100) #ETH or #Solana
5x Exclusive Crazy Catz WL Spoâ€¦"
65,['POSITIVE'],[0.7401524782180786],0.0,0.262,0.738,0.8176,"RT @CliffToken: Congrats to those that were lucky enough to get in the $RED presale. Please remember it ends on 4/29, at 4pm GMT. Any ETH sâ€¦"
66,['NEGATIVE'],[0.8564234972000122],0.0,0.0,1.0,0.0,Shout out to my hometown (aka FuNkYToWN)!  Now get that CityCoin and Stacks! @krbecrypto @lee_bratcherâ€¦ https://t.co/kTSDmbpAlL
67,['NEGATIVE'],[0.9936445951461792],0.086,0.173,0.741,0.4767,"RT @ShibSatoshiWeb5: Drop your $ETH wallets and I'll send $30,000ğŸ“©

Just RT &amp; Follow me â™¥ï¸"
68,['NEGATIVE'],[0.997651994228363],0.0,0.0,1.0,0.0,"RT @GACCSalesBot: Grandpa Ape #4326 (Rank: #3099) bought for 0.88 ETH on OpenSea ğŸŒŠ https://t.co/dNq5197ieQ 
 #GACC #GrandpaApeCountryClub #â€¦"
69,['POSITIVE'],[0.986325204372406],0.0,0.127,0.873,0.4404,"RT @thewhitelistio: Tomorrow, Wed., 4/27, at 10am ET, is the start of our 2nd Signature Collection auction supporting Ukrainian refugee relâ€¦"
70,['NEGATIVE'],[0.9995393753051758],0.0,0.0,1.0,0.0,RT @gauchoeddy: #Bitcoin - it doesn't get any simpler than this https://t.co/mVHOb2JuGt
71,['NEGATIVE'],[0.9891360998153687],0.082,0.102,0.816,0.1531,"RT @_arjantit: 111.111 $SHIB ğŸ”¥ â€¢|| 3 HOURS â³ (SAHUR Ã–ZEL)

- Son 3 gÃ¶nderi Rt &amp; Fav 

#NFTGiveaways #NFTGiveaway #BTC #Bitcoin #ETH #AVAXâ€¦"
72,['NEGATIVE'],[0.9953946471214294],0.0,0.119,0.881,0.4215,"RT @AirdropStario: ğŸ’§ Adashe Crypto Airdrop ğŸ’§

ğŸ† Task:        â• $5 worth of ADSE for 2000 random participants

ğŸ‘¨â€ğŸ‘©â€ğŸ‘§ Referral: â• $50 worth oâ€¦"
73,['NEGATIVE'],[0.999477207660675],0.234,0.0,0.766,-0.7003,@viamirror got a 500 error is this something on my end that I did wrong when publishing from mabfire.eth ? https://t.co/SYoBLamhNt
74,['NEGATIVE'],[0.9434464573860168],0.0,0.248,0.752,0.7639,"RT @RaritySniperNFT: Giveaway! ğŸ‰â€
â€
We are giving away 12x PSILO NFTs from @psilonft, worth ~1 ETH! ğŸ¤–
â€
To enter:â€
1. Follow @RaritySniperNâ€¦"
75,['NEGATIVE'],[0.9920316934585571],0.0,0.0,1.0,0.0,"RT @ibrahim_klc11: https://t.co/SiJbBFyPnU
#NFT #NFTs #NFTCommmunity #NFTGiveaway #nftcollector #NFTdrop #NFTcollections #NFTartist #NFTartâ€¦"
76,['NEGATIVE'],[0.985527753829956],0.0,0.237,0.763,0.68,"#Ethereum is like #Bitcoin, but it's for code! It's the #blockchain for smart contracts and it stores immutable codâ€¦ https://t.co/0vLNRWUQXG"
77,['NEGATIVE'],[0.9909723997116089],0.07,0.293,0.638,0.8271,"RT @novalaney: $1000 in $BTC  | 24h ğŸ†

RT + ğŸ’› + Follow ğŸ”¥ğŸ‘â€ğŸ—¨

Good luck Fam ğŸ€ #Bitcoin"
78,['NEGATIVE'],[0.9993539452552795],0.081,0.0,0.919,-0.3182,"RT @TIMUS_NFT: Dumping 1 $ETH into 53 random wallets 

ğŸ‘‡Follow 
ğŸ‘‡Rt and â¤ï¸
ğŸ‘‡Drop your addresses https://t.co/sN3v7s4dwj"
79,['NEGATIVE'],[0.9972928166389465],0.0,0.0,1.0,0.0,"RT @GACCSalesBot: M1 Mutant Serum bought for 0.2 ETH on OpenSea ğŸŒŠ https://t.co/191s17Lzhd 
 #GACC #MACC #GrandpaApeCountryClub #MutantApeCoâ€¦"
80,['NEGATIVE'],[0.9863318204879761],0.0,0.129,0.871,0.5719,"RT @CryptoVonDoom: LFG ğŸ‘

To celebrate our new dad AKA Elon Musk buying Twitter for $44,000,000,000 I am going to give 44 people ETH or anâ€¦"
81,['NEGATIVE'],[0.9990589022636414],0.128,0.176,0.697,0.2732,"RT @JobPreference: NEED a #JOB?
Sign up now https://t.co/o7lVlsCHXv
FREE. NO MIDDLEMEN
#Jobs #AI #DataAnalytics #MachineLearning #Python #Jâ€¦"
82,['NEGATIVE'],[0.9907870888710022],0.0,0.334,0.666,0.9106,"RT @frtuff: ğŸ HUGE #NFTGiveaway â€¼ï¸

â­ï¸ Weâ€™re Giving Away 3 NFTs worth 0.08 ETH each (free mint) + 10X whitelist ğŸ’

To enter the draw:
1ï¸âƒ£ Jâ€¦"
83,['NEGATIVE'],[0.9906973838806152],0.0,0.216,0.784,0.784,"RT @CoinMercegim: ğŸ”#NFTGiveawayğŸ”

Prize:
ğŸ’°1 Free WeSeeGhosts #NFT (0.08 ETH~250$)
ğŸ“œ5 WL Spot's!

ğŸŸ¦To Enter:
1âƒ£Follow @CoinMercegim &amp; @WeSeeâ€¦"
84,['NEGATIVE'],[0.9750816822052002],0.0,0.059,0.941,0.3595,"RT @NFTAnonymous1: ğŸš¨ THIS IS A SHILL THREAD ONLY FOR PHOTOGRAPHERS ğŸ“¸ğŸš¨

You don't need to follow me!

âœ… Share your art (Image Only)ğŸ“Œ
âœ… Add pâ€¦"
85,['NEGATIVE'],[0.996381402015686],0.094,0.147,0.759,0.296,"RT @subjectiveAi: Free #NFT giveawayğŸš¨

Drop your $ETH address, Follow &amp; RTğŸ”„ https://t.co/pvvMIInkZ2"
86,['NEGATIVE'],[0.9858469367027283],0.0,0.057,0.943,0.3182,RT @DM_NFT_2022: Meet my newly adopted #EVERAIDUO please let me shop for a little while more before floor going back to 1 eth+++ ğŸ™ğŸ»ğŸ™ğŸ»ğŸ™ğŸ»  plâ€¦
87,['NEGATIVE'],[0.992753803730011],0.055,0.199,0.746,0.763,"That is not a bitch it is banana Witch ğŸ§™â€â™€ï¸
Get it on open sea before it escaped to astral ğŸ˜
1 out 1 ğŸ¤Ÿ
Unique ğŸ˜
Banâ€¦ https://t.co/9UrwcSy875"
88,['NEGATIVE'],[0.9941055774688721],0.092,0.296,0.612,0.7177,"RT @xbt_sensei: ğŸGIVEAWAY !ğŸ

Prizes
ğŸ†20$ in ETH
ğŸ†10 WL

1ï¸âƒ£Follow @nftvinyls
2âƒ£Retweet &amp; like
3ï¸âƒ£Join their Discord: https://t.co/z2KXja95â€¦"
89,['NEGATIVE'],[0.9951712489128113],0.116,0.155,0.73,0.2263,"RT @EricJBushman: Arguments at the #SupremeCourt over #RemainInMexico border policy, @VP Kamala Harris tests positive for #COVID19, and @Ciâ€¦"
90,['NEGATIVE'],[0.6970564126968384],0.0,0.0,1.0,0.0,ğŸ‘€
91,['NEGATIVE'],[0.8028532862663269],0.0,0.348,0.652,0.906,"RT @mattgee: âœ¨ETH GIVEAWAYğŸš€

to celebrate 20k, iâ€™m sending .05 ETH to 2 people who follow, like, retweet, and tag 3 frens! ğŸ‰

winners pickeâ€¦"
92,['NEGATIVE'],[0.998795747756958],0.0,0.0,1.0,0.0,"So who Df is satoshi nakamoto?! 

#Bitcoin https://t.co/RiB8WHAE4U"
93,['NEGATIVE'],[0.9969257712364197],0.0,0.0,1.0,0.0,"https://t.co/A9rufdabVI
#NFT #NFTs #NFTCommmunity #NFTGiveaway #nftcollector #NFTdrop #NFTcollections #NFTartistâ€¦ https://t.co/DplvBewdI2"
94,['NEGATIVE'],[0.9796504974365234],0.0,0.24,0.76,0.5766,"$BTC $ETH $DOGE  Crowd-sourced alerts, ranking system, and get paid being a top contributor. JOIN CTâ€¦ https://t.co/1f7cPhiTBI"
95,['NEGATIVE'],[0.9990869760513306],0.125,0.0,0.875,-0.5719,"RT @CaptainDefi2: ğŸµ How hackers are stealing NFTs?

First they call a function to check if you own NFTs, then they require you to send themâ€¦"
96,['NEGATIVE'],[0.9838640689849854],0.0,0.0,1.0,0.0,Cuando haces un space de esto en lugar de estar de engaÃ±abobos con tu Bitcoin @RicardoBSalinas ?
97,['NEGATIVE'],[0.9255326986312866],0.0,0.114,0.886,0.4019,"RT @TurkInfluencer: ğŸ‰Giving away:

ğŸPrize:
ğŸ0.25 #Sol (25$)

ğŸ“‹To enter:
1ï¸âƒ£Follow @Monitolor @TurkInfluencer 
2ï¸âƒ£Like and RT
3âƒ£Tag 3 friendâ€¦"
98,['NEGATIVE'],[0.9974786639213562],0.0,0.0,1.0,0.0,RT @SR_SalesBot: Space Rider #7674 bought for 0.11 ETH on OpenSea ğŸŒŠ https://t.co/WECCZXodDC
99,['NEGATIVE'],[0.8836610913276672],0.152,0.0,0.848,-0.3612,"RT @mcqevan: As the saying goesâ€¦ it happens gradually, and then all at once. ğŸ’¥"
100,['NEGATIVE'],[0.9980325102806091],0.131,0.1,0.769,-0.1779,"ğŸŸ© $ETH block trade alert [Deribit] ğŸ§±ğŸ§± 

JUN(24) $2,600 Puts bought 250 @ 0.0685 ETH($194.64); Total=17.1250 ETH($48â€¦ https://t.co/XgsADvBBjP"
101,['NEGATIVE'],[0.9981635212898254],0.0,0.0,1.0,0.0,"RT @GACCSalesBot: Grandpa Ape #4620 (Rank: #4010) bought for 0.615 ETH on OpenSea ğŸŒŠ https://t.co/rm2UMWtavh 
 #GACC #GrandpaApeCountryClubâ€¦"
102,['POSITIVE'],[0.8634939789772034],0.0,0.231,0.769,0.6249,"ğŸ‰ We are excited to officially announce the $YUGA Token Sale

$YUGA will be available now onâ€¦ https://t.co/P4y9JCXffS"
103,['NEGATIVE'],[0.9813656806945801],0.0,0.0,1.0,0.0,"@CryptoWendyO @Dagnum_PI @CryptoWendyO $DAG, #Hathor, are decentralized complete coins. Hathor already does everythâ€¦ https://t.co/oHWvtzquCT"
104,['NEGATIVE'],[0.9991899132728577],0.121,0.0,0.879,-0.296,"@jimmy_hippo @ibertario @wsheeep Because it was a malicious hardfork, no replay protection, the transaction could pâ€¦ https://t.co/46gJmvPs0T"
105,['NEGATIVE'],[0.9889718890190125],0.0,0.0,1.0,0.0,"å½“ææƒ§å†æ¬¡å‡ºç°æ—¶ï¼Œé•¿æœŸæŒæœ‰è€…å’ŒçŸ­æœŸæŒæœ‰è€…éƒ½åœ¨åšç€ä»–ä»¬æ“…é•¿åšçš„äº‹
#Bitcoin 

è¿™åˆæ˜¯çŸ­æŒäºæŸå–å‡ºé•¿æŒä¹°å…¥çš„æ•…äº‹

å®æ—¶æ•°æ®ï¼šhttps://t.co/gjFSFb5Qew https://t.co/fkIeB08qIZ"
106,['NEGATIVE'],[0.9897206425666809],0.0,0.0,1.0,0.0,"RT @ggToyCompany1: âš¡ï¸#NFTgiveaway âš¡ï¸

1X $5000 $ETH
1X @postmalone #FunkoPop #toy
1X @steveaoki #Pop 
1X @Eminem #Pop 
1X #NFT

Webstore htâ€¦"
107,['NEGATIVE'],[0.9132676124572754],0.0,0.0,1.0,0.0,RT @DanjaminDW: CC: @paultenhaken @KristiNoem
108,['NEGATIVE'],[0.9861634373664856],0.0,0.205,0.795,0.4767,"RT @dewileth: $20 $ETH | Two Winners

â¤ï¸, RT, Follow (ğŸ””)"
109,['NEGATIVE'],[0.9945921301841736],0.0,0.0,1.0,0.0,"RT @nft_finley: .@KingHenry_2 you should make this you #NewNFTProfilePic.

Let me know. Iâ€™ll transfer to your $ETH wallet.

Minted on @Founâ€¦"
110,['NEGATIVE'],[0.979525089263916],0.0,0.0,1.0,0.0,"RT @SMNF_com: ã‚¨ãƒ«ã‚µãƒ«ãƒãƒ‰ãƒ«ã®ãƒ“ãƒƒãƒˆã‚³ã‚¤ãƒ³å®Ÿé¨“ãŒæˆåŠŸã›ãšã€åœ°å…ƒã®(ç¾åœ°)äººã€…ã¯æš—å·ã‚ˆã‚Šã‚‚ç¾é‡‘ã‚’ä¿¡é ¼ã—ç¶šã‘ã¦ã„ã‚‹ã¨ã®èª¿æŸ»çµæœãŒç™ºè¡¨ã•ã‚ŒãŸ
â¦@daitojimariâ©  https://t.co/0rINpJEpro"
111,['NEGATIVE'],[0.9969425797462463],0.0,0.0,1.0,0.0,Space Rider #2021 bought for 0.04 ETH on OpenSea ğŸŒŠ https://t.co/8NsbwOPHVX
112,['NEGATIVE'],[0.9304538369178772],0.0,0.0,1.0,0.0,RT @KienPhuong2: @Jedi_Jess9 @1goonrich @GenosV2 in the future will be the governance token for the #Doken ecosystem! In my opinion the nexâ€¦
113,['NEGATIVE'],[0.9975213408470154],0.081,0.114,0.805,0.2225,"RT @eshaghfathi: Iâ€™m giving $22,000 in $APE or $eth to the first 2200 people who follows and retweets!!

Drop your #ETH wallet address"
114,['NEGATIVE'],[0.9975626468658447],0.048,0.13,0.822,0.5267,"RT @0xHustler: Iâ€™ll pay a random personâ€™s rent on 5/1/22 who retweets this tweet within the next 96 hours. Paid in $ETH.

Winner must be foâ€¦"
115,['NEGATIVE'],[0.9976625442504883],0.149,0.0,0.851,-0.2732,"RT @TIMUS_NFT: Drop your $ETH walletsğŸ‘€
I'll send $500ğŸ’¸"
116,['NEGATIVE'],[0.957728385925293],0.0,0.0,1.0,0.0,"RT @charlesadler: Bank of Canada rebukes claims Poilievre has made on inflation, cryptocurrency. BOC Gov has facts on his side. If you bougâ€¦"
117,['NEGATIVE'],[0.9909913539886475],0.0,0.0,1.0,0.0,@HortiDogsNFT https://t.co/EvM07X8QPN
118,['NEGATIVE'],[0.6179724931716919],0.0,0.22,0.78,0.7345,"RT @atNFTART: ğŸGIVEAWAY!ğŸ

Prizes:
ğŸ† $50 #ETH #Solana
ğŸ† 3x Moonlight Birdy #NFT

To Enter:
1âƒ£Follow @MoonlightBirdy_ &amp; @atNFTART
2âƒ£RT, LIKEâ€¦"
119,['POSITIVE'],[0.5207127928733826],0.058,0.337,0.604,0.911,"RT @RealMoneyApe: WIN 0.02 $ETH | 48HğŸ”¥

To help you get a hold of a FREE @BEANS_nfts pet on 4/27 we are giving 0.02 ETH!
You'll need it toâ€¦"
120,['POSITIVE'],[0.9380164742469788],0.095,0.0,0.905,-0.296,"RT @naridarbandi: In case you missed it

These pieces still available in my â€œEverday;Memoriesâ€ collection on @opensea for sale.

You can saâ€¦"
121,['NEGATIVE'],[0.9872204661369324],0.062,0.0,0.938,-0.0516,"RT @Seasonal_Tokens: Financial authorities have been cautious about #Bitcoin and #Cryptocurrency, but many people in the industry believe tâ€¦"
122,['POSITIVE'],[0.9996715784072876],0.0,0.434,0.566,0.93,"I wish this project success sir, and they become one of the best cryptos, I am enthusiastic to participate in thisâ€¦ https://t.co/6QKWdYp5xK"
123,['NEGATIVE'],[0.9973213076591492],0.0,0.0,1.0,0.0,"RT @GACCSalesBot: M1 Mutant Serum bought for 0.21 ETH on OpenSea ğŸŒŠ https://t.co/191s17Lzhd 
 #GACC #MACC #GrandpaApeCountryClub #MutantApeCâ€¦"
124,['NEGATIVE'],[0.997722327709198],0.153,0.0,0.847,-0.4404,"India digital currency regulations aftermath: Frozen payments, Bitcoin brain drain, tradersâ€™ woes and more â€¦ tradinâ€¦ https://t.co/grHHBKsA86"
125,['NEGATIVE'],[0.9938795566558838],0.092,0.296,0.612,0.7177,"RT @frodlit: ğŸGIVEAWAY !ğŸ

Prizes
ğŸ†50$ in ETH
ğŸ†10 WL

1ï¸âƒ£Follow @nftvinyls
2âƒ£Retweet &amp; like
3ï¸âƒ£Join their Discord: https://t.co/NdSEQUmkEEâ€¦"
126,['NEGATIVE'],[0.9434464573860168],0.0,0.248,0.752,0.7639,"RT @RaritySniperNFT: Giveaway! ğŸ‰â€
â€
We are giving away 12x PSILO NFTs from @psilonft, worth ~1 ETH! ğŸ¤–
â€
To enter:â€
1. Follow @RaritySniperNâ€¦"
127,['POSITIVE'],[0.9995657801628113],0.0,0.462,0.538,0.8834,Good morning my friend ğŸ§šâ€â™€ï¸â˜€ï¸ I love your watercolorâ¤ï¸ https://t.co/JK5nQJzYpB
128,['NEGATIVE'],[0.9975626468658447],0.048,0.13,0.822,0.5267,"RT @0xHustler: Iâ€™ll pay a random personâ€™s rent on 5/1/22 who retweets this tweet within the next 96 hours. Paid in $ETH.

Winner must be foâ€¦"
129,['NEGATIVE'],[0.9929842948913574],0.0,0.184,0.816,0.7256,"RT @picklefrens: whatâ€™s the dill?! 1 more day until mint frens ğŸ‰

lets pickle 15 frens to receive a pickle pass + $100 eth to 1 lucky fren!â€¦"
130,['NEGATIVE'],[0.9976657629013062],0.0,0.0,1.0,0.0,"RT @GACCSalesBot: Grandpa Ape #3665 (Rank: #1045) bought for 0.85 ETH on OpenSea ğŸŒŠ https://t.co/bIxPzzONPs 
 #GACC #GrandpaApeCountryClub #â€¦"
131,['POSITIVE'],[0.9375866055488586],0.0,0.309,0.691,0.5859,"@OGDfarmer Join the community, let's increase our number every day and earn more every day.â€¦ https://t.co/KuXYpQE0wn"
132,['NEGATIVE'],[0.9918946623802185],0.0,0.0,1.0,0.0,"RT @fmlidermdq: El BITCOIN es el demonio hecho ""moneda"" digital"
133,['NEGATIVE'],[0.9973891377449036],0.251,0.195,0.554,-0.1779,"RT @DaFoxile: $200 [ 1 winner ] 24 Hrs

ğŸ’¥ RT - Follow : @THENFTSTAR 

ğŸ’¥ Join Discord : https://t.co/cYdznoxbSd

Post Proof"
134,['NEGATIVE'],[0.9941639304161072],0.098,0.0,0.902,-0.34,"@iyusmn Those were the days - Traveler

I hear her barking. We both are just carbonised by the fire of beyond. I'mâ€¦ https://t.co/hBLpNKdiqI"
135,['NEGATIVE'],[0.6671351194381714],0.092,0.103,0.805,0.0772,"RT @nansen_ai: Last week we integrated @solana data into Nansen dashboards, and it ranked 1st in terms of 7-day active addresses ğŸ”¥

#Solanaâ€¦"
136,['POSITIVE'],[0.759841799736023],0.0,0.161,0.839,0.5848,"RT @Steam_Exchange: Be sure to join our AMA on Wednesday, April 27th at 5pm EST as we talk through some ğŸ”‘ details!

The official TG link caâ€¦"
137,['NEGATIVE'],[0.9969261288642883],0.0,0.0,1.0,0.0,"RT @LosMuertosBot: ğŸ’€ Â¡Dios mÃ­o! Los Muertos #1148 bought  for 0.228 ETH ($646.91)
https://t.co/KCqY0CPnkd

Rarest Trait - Body: Pink Burnsâ€¦"
138,['NEGATIVE'],[0.993436872959137],0.0,0.0,1.0,0.0,"RT @MartyBent: Bitcoin provides small towns, cities, counties, and whole states with a mechanism that can be leveraged to turn their wastedâ€¦"
139,['NEGATIVE'],[0.9969311952590942],0.0,0.0,1.0,0.0,"RT @GACCSalesBot: M1 Mutant Serum bought for 0.208 ETH on OpenSea ğŸŒŠ https://t.co/191s17Lzhd 
 #GACC #MACC #GrandpaApeCountryClub #MutantApeâ€¦"
140,['NEGATIVE'],[0.9925454258918762],0.0,0.145,0.855,0.5267,"RT @NFTCupid: ğŸŒŸAzuki #NFT GiveawayğŸŒŸ

NFT Worth 25 $ETH ( $70,000 ) 

To Enter:
1ï¸âƒ£ Like + RT
2ï¸âƒ£ Follow @NFTCupid with ğŸ””

#NFTGiveaways #NFâ€¦"
141,['NEGATIVE'],[0.9861536026000977],0.0,0.24,0.76,0.5766,"$BTC $ETH $DOGE  Crowd-sourced alerts, ranking system, and get paid being a top contributor. JOIN CTâ€¦ https://t.co/kN2iOKA7LZ"
142,['POSITIVE'],[0.9974886178970337],0.0,0.142,0.858,0.3595,@address_eth Loool I knew it! I joined yesterday to the club with my 6061.eth new treasure
143,['POSITIVE'],[0.6186217665672302],0.0,0.278,0.722,0.6597,"@0xHustler Thank you American CBD &amp; NFTs profit. FollowingğŸ””âœ…
0x26b1D86E7775cAa894f581b3f7ebfE8344b480F9
$ETH"
144,['NEGATIVE'],[0.9661948680877686],0.0,0.436,0.564,0.8176,"RT @elizajayla: $1000 $ETH  Winners ğŸğŸ†

Like + Follow me ğŸ’¯"
145,['NEGATIVE'],[0.9975913763046265],0.0,0.0,1.0,0.0,"RT @GACCSalesBot: M2 Mutant Serum bought for 0.71 ETH on OpenSea ğŸŒŠ https://t.co/jq3MMkNsY6 
 #GACC #MACC #GrandpaApeCountryClub #MutantApeCâ€¦"
146,['NEGATIVE'],[0.9863318204879761],0.0,0.129,0.871,0.5719,"RT @CryptoVonDoom: LFG ğŸ‘

To celebrate our new dad AKA Elon Musk buying Twitter for $44,000,000,000 I am going to give 44 people ETH or anâ€¦"
147,['NEGATIVE'],[0.9543474316596985],0.064,0.294,0.642,0.7579,"@lucyRobs_ New @rarible dropâ€¼ï¸

ğŸ˜ºâ€œUnder supervision ofâ€

â™¦ï¸ 0.05 ETH

Surreal vision of a cat's desire to keep everâ€¦ https://t.co/zTRYcfmYiG"
148,['POSITIVE'],[0.9976497292518616],0.0,0.0,1.0,0.0,"RT @rodrigo_hodl: Tell me about a project that brings something unique to the scene ğŸ’

#NFT #NFTs #NFTCommunity #BSCGems #ETHGems #MagicEdeâ€¦"
149,['NEGATIVE'],[0.9888342022895813],0.0,0.0,1.0,0.0,"RT @WhaleStats: ğŸ‹ ETH whale ""BlueWhale0073"" just bought 70,000,000,000 $shib ($1,619,800 USD).

Ranked #5 on WhaleStats: https://t.co/RBupeâ€¦"
150,['NEGATIVE'],[0.9893333315849304],0.117,0.204,0.68,0.5574,"RT @SpocNFT: ğŸ”¥ #NFTGiveaway ğŸ”¥

Prizes:
ğŸ† $30 #ETH
ğŸ† 1x #NFT ($380+)
ğŸ 10x WL Spots

Steps:
1ï¸âƒ£ Follow @ooonimals
2ï¸âƒ£ Like â¤ï¸ &amp; RT ğŸ”ƒ
3ï¸âƒ£ Tagâ€¦"
151,['NEGATIVE'],[0.9925454258918762],0.0,0.145,0.855,0.5267,"RT @NFTCupid: ğŸŒŸAzuki #NFT GiveawayğŸŒŸ

NFT Worth 25 $ETH ( $70,000 ) 

To Enter:
1ï¸âƒ£ Like + RT
2ï¸âƒ£ Follow @NFTCupid with ğŸ””

#NFTGiveaways #NFâ€¦"
152,['NEGATIVE'],[0.9841535687446594],0.0,0.153,0.847,0.4404,RT @caseykcaruso: when you try to give ETH as a wedding gift to a college friendâ€¦ https://t.co/gkwra1WVLn
153,['NEGATIVE'],[0.9972928166389465],0.0,0.0,1.0,0.0,"RT @GACCSalesBot: M1 Mutant Serum bought for 0.2 ETH on OpenSea ğŸŒŠ https://t.co/191s17Lzhd 
 #GACC #MACC #GrandpaApeCountryClub #MutantApeCoâ€¦"
154,['NEGATIVE'],[0.9890131950378418],0.0,0.225,0.775,0.7269,"RT @BlockBet_: ğŸ’°GIVEAWAYğŸ’°

Prizes:
ğŸ†0.3 $ETH ($1000) 

To Enter
1âƒ£Follow @BlockBet_ 
2âƒ£Like &amp; Retweet 
3âƒ£Tag 3 Friends
4âƒ£Subscribe to httpsâ€¦"
155,['NEGATIVE'],[0.9855572581291199],0.0,0.0,1.0,0.0,RT @jeffreydcleary: ğŸ•¯ğŸ•¯ Creeeeepz ğŸ•¯ğŸ•¯
156,['POSITIVE'],[0.5207127928733826],0.058,0.337,0.604,0.911,"RT @RealMoneyApe: WIN 0.02 $ETH | 48HğŸ”¥

To help you get a hold of a FREE @BEANS_nfts pet on 4/27 we are giving 0.02 ETH!
You'll need it toâ€¦"
157,['NEGATIVE'],[0.990159809589386],0.0,0.0,1.0,0.0,"""There Will Be Many Things You Did Not Predict"": Jordan Peterson Critiques Bitcoin at Bitcoin 2022 - Crypto Briefing https://t.co/JbWqbl6rgj"
158,['NEGATIVE'],[0.9113637804985046],0.0,0.213,0.787,0.4019,Brazilâ€™s Senate approves 'Bitcoin law' to regulate cryptocurrencies https://t.co/aD2vullpov #bizassetinsightsâ€¦ https://t.co/RC6t7h1rhc
159,['POSITIVE'],[0.9997277855873108],0.0,0.42,0.58,0.9067,This is definitely going to be HUGE!  as the team has been an inspiration in their innovative approaches towards acâ€¦ https://t.co/JgC7G6Jv94
160,['NEGATIVE'],[0.9993312358856201],0.141,0.0,0.859,-0.3182,"GM/GA/GN #StandardCharteredBank Joins #Metaverse; #Bitcoin, #Ethereum Fall 5%, DOGE Loses 9% - Outlook India https://t.co/ymwexlncKC"
161,['NEGATIVE'],[0.5580132007598877],0.153,0.088,0.759,-0.4857,"RT @AnkaraNFT: A unique magical girl! Who is she? Good or evil?ğŸƒ
.
Price:0.09 ETH ( polygon )
.
#nftcollector #NFTs #NFTdrops #NFTCommumityâ€¦"
162,['NEGATIVE'],[0.9979254007339478],0.0,0.0,1.0,0.0,"RT @GACCSalesBot: Grandpa Ape #2045 (Rank: #4728) bought for 0.6 ETH on OpenSea ğŸŒŠ https://t.co/B9vet3CZrM 
 #GACC #GrandpaApeCountryClub #Nâ€¦"
163,['NEGATIVE'],[0.9996523857116699],0.095,0.0,0.905,-0.3412,"RT @Cointelegraph: Not a good sign for Bitcoin. 

New data shows that BTC faces a rare chart phenomenon that has historically resulted in 5â€¦"
164,['NEGATIVE'],[0.9981318116188049],0.073,0.0,0.927,-0.1298,Michael Saylor claims bitcoin is 'less risky than bonds' as company bets on Fidelity's latest 401(k) offering - CNBC https://t.co/5WjX2mS4BY
165,['NEGATIVE'],[0.9808016419410706],0.138,0.218,0.644,0.5574,"RT @ApeBalc: Free #NFT Giveaway

Drop ur $ETH , RTğŸ“Œ &amp; Follow @ApeBalc ğŸ”¥
To win one of our Latte Ape ğŸµ https://t.co/pdPgSkcn47"
166,['NEGATIVE'],[0.994310736656189],0.0,0.0,1.0,0.0,"RT @TheNFT_Daily: Oh ! Can you ?  
image : shutterstock 
 
#Nft #NFTtakeover #nftart #nftartgallery #nftartist #nftcollector #nftime #nftmaâ€¦"
167,['NEGATIVE'],[0.9963780045509338],0.092,0.118,0.789,0.1531,"RT @NFTBroskii: #NFT GiveawayğŸ‰

RT + Follow + Drop $ETH ğŸ‘‡ğŸ¼ https://t.co/HdrGr2ipbS"
168,['NEGATIVE'],[0.9963585734367371],0.0,0.0,1.0,0.0,RT @naiivememe: #Bitcoin https://t.co/t0IbLV239z
169,['NEGATIVE'],[0.9893583059310913],0.043,0.203,0.754,0.7574,"RT @MeninhoETH: Comme tout les lundis 100$ en #ETH Ã  gagner ! ğŸ¹

Rt &amp; Like ğŸ‘ğŸ”
Follow meâ™¥ï¸

#BTC #Giveaway #Donation #Crypto"
170,['NEGATIVE'],[0.6478490829467773],0.073,0.0,0.927,-0.128,"RT @saylor: My interview with @MorganLBrennan &amp; @michaelsantoli discussing demand for #bitcoin in 401k plans, the interaction of traders &amp;â€¦"
171,['POSITIVE'],[0.9988794922828674],0.0,0.262,0.738,0.8353,"RT @FlareNetworks: ğŸ‰ Very excited to announce:

We are building a #Bitcoin Bridge for @Algorand!ğŸŒ‰

âœ… Safely delivering #Bitcoin to Algorandâ€¦"
172,['NEGATIVE'],[0.9974786639213562],0.0,0.0,1.0,0.0,RT @SR_SalesBot: Space Rider #7674 bought for 0.11 ETH on OpenSea ğŸŒŠ https://t.co/WECCZXodDC
173,['NEGATIVE'],[0.9956667423248291],0.0,0.0,1.0,0.0,"$BTC Price: $38451.18
$ETH Price: $2846.2
$APE Price: $18.14

Next update in 10 minutes
Last updated: 0:11:5.04"
174,['NEGATIVE'],[0.9863318204879761],0.0,0.129,0.871,0.5719,"RT @CryptoVonDoom: LFG ğŸ‘

To celebrate our new dad AKA Elon Musk buying Twitter for $44,000,000,000 I am going to give 44 people ETH or anâ€¦"
175,['NEGATIVE'],[0.9448511600494385],0.0,0.288,0.712,0.8357,"RT @airdropinspect: New airdrop: Crypto Metropolis (CTM)
Total Reward: 100000 CTM &amp; NFT
Rate:â­ï¸â­ï¸â­ï¸â­ï¸
Winners: 2000 Random &amp; Top 200
Distriâ€¦"
176,['NEGATIVE'],[0.9980582594871521],0.133,0.0,0.867,-0.3182,"Standard Chartered Bank Joins Metaverse; Bitcoin, Ethereum Fall 5%, DOGE Loses 9% - Outlook India https://t.co/ZQb32Oye84"
177,['NEGATIVE'],[0.9893333315849304],0.117,0.204,0.68,0.5574,"RT @SpocNFT: ğŸ”¥ #NFTGiveaway ğŸ”¥

Prizes:
ğŸ† $30 #ETH
ğŸ† 1x #NFT ($380+)
ğŸ 10x WL Spots

Steps:
1ï¸âƒ£ Follow @ooonimals
2ï¸âƒ£ Like â¤ï¸ &amp; RT ğŸ”ƒ
3ï¸âƒ£ Tagâ€¦"
178,['POSITIVE'],[0.9836878776550293],0.1,0.233,0.667,0.4939,"â€œ#Manipulate Your Opponents, Multiply Your Fundsâ€ ğŸ˜ğŸ”¥ğŸ‰

Introducing Multiple #Innovative Utilities Which Will Focusâ€¦ https://t.co/zWN9CW0hEs"
179,['NEGATIVE'],[0.9878575801849365],0.0,0.0,1.0,0.0,@CreativeMessNFT https://t.co/vZVM08bsNF
180,['NEGATIVE'],[0.6093241572380066],0.095,0.077,0.828,-0.1531,"RT @LeBoredJames: Just sold this ape for 169 eth($475,000) thank you so much BAYC for changing my life ğŸ˜­

What floors should I sweep? ğŸ‘€ğŸ§¹ htâ€¦"
181,['NEGATIVE'],[0.9434464573860168],0.0,0.248,0.752,0.7639,"RT @RaritySniperNFT: Giveaway! ğŸ‰â€
â€
We are giving away 12x PSILO NFTs from @psilonft, worth ~1 ETH! ğŸ¤–
â€
To enter:â€
1. Follow @RaritySniperNâ€¦"
182,['NEGATIVE'],[0.999122679233551],0.0,0.0,1.0,0.0,"Bitcoin Resumes Downtrend, Why Upsides Remain Capped
https://t.co/RknFkw9krN"
183,['NEGATIVE'],[0.9863318204879761],0.0,0.129,0.871,0.5719,"RT @CryptoVonDoom: LFG ğŸ‘

To celebrate our new dad AKA Elon Musk buying Twitter for $44,000,000,000 I am going to give 44 people ETH or anâ€¦"
184,['NEGATIVE'],[0.9914387464523315],0.0,0.0,1.0,0.0,"RT @DigiFinex: Trading Token: $ETHSHIB @eth_shiba
Trading Time: Apr 18th 11:00 (GMT+8)

#Bitcoin #cryptocurrecy #NFT #GameFi  #web3 #cryptoâ€¦"
185,['POSITIVE'],[0.9869591593742371],0.0,0.251,0.749,0.6908,"RT @CryptoSchool13: Good News : ğŸ‡§ğŸ‡· Brazilâ€™s Senate has approved a bill to regulate #Bitcoin and cryptocurrencies.

#cryptocurrency #Brazilâ€¦"
186,['NEGATIVE'],[0.9945595860481262],0.0,0.0,1.0,0.0,"#Bitcoin Last Price $38371 #BTC ğŸš€
Daily Indicators:
-RSI: 38.0
-MA(20): 40403
-MA(50): 42024
-MA(200): 47599
-Bolliâ€¦ https://t.co/QtetBzflwD"
187,['NEGATIVE'],[0.9956647753715515],0.199,0.07,0.732,-0.5719,"@KingVonFrmdaWic sick &amp; twistedğŸ¤®
I created this with the sketchbook 
appğŸ”¥
0%royalties
More details in dmğŸ‘ˆâ€¦ https://t.co/hWTBQNeZoj"
188,['NEGATIVE'],[0.9992802739143372],0.0,0.0,1.0,0.0,"TA: Bitcoin Resumes Downtrend, Why Upsides Remain Capped https://t.co/w5M7DPbxKK https://t.co/VTPyBdh9qZ"
189,['NEGATIVE'],[0.9863198399543762],0.0,0.0,1.0,0.0,@notthreadguy erc721a.eth come at me
190,['NEGATIVE'],[0.9994235038757324],0.0,0.324,0.676,0.8442,The @wef trying to act like they know what is best for #bitcoin just validates everything that #bitcoin is so fuckiâ€¦ https://t.co/hG1NW4DAb2
191,['NEGATIVE'],[0.9945670366287231],0.0,0.0,1.0,0.0,"@nftanothersigma 0.08 #eth 
https://t.co/QVS1cDMso0 https://t.co/URI4kSb53N"
192,['NEGATIVE'],[0.9904506802558899],0.0,0.0,1.0,0.0,RT @Kutsal_Trader: Ä°ÅŸlemin yarÄ±sÄ±nÄ± kapattÄ±m. Stobu giriÅŸe aldÄ±m. Devam ediyoeuz #luna #BTC #Bitcoin https://t.co/1FgqHezIP2
193,['NEGATIVE'],[0.9798020720481873],0.0,0.24,0.76,0.5766,"$BTC $ETH $DOGE  Crowd-sourced alerts, ranking system, and get paid being a top contributor. JOIN CTâ€¦ https://t.co/SNWNrk5yrR"
194,['NEGATIVE'],[0.9980151653289795],0.0,0.0,1.0,0.0,"RT @GACCSalesBot: Grandpa Ape #1977 (Rank: #2302) bought for 0.6 ETH on OpenSea ğŸŒŠ https://t.co/YflL44oZfX 
 #GACC #GrandpaApeCountryClub #Nâ€¦"
195,['NEGATIVE'],[0.9975626468658447],0.048,0.13,0.822,0.5267,"RT @0xHustler: Iâ€™ll pay a random personâ€™s rent on 5/1/22 who retweets this tweet within the next 96 hours. Paid in $ETH.

Winner must be foâ€¦"
196,['NEGATIVE'],[0.8081292510032654],0.0,0.39,0.61,0.4939,125x lev long save the markets
197,['NEGATIVE'],[0.9951488375663757],0.0,0.136,0.864,0.4588,"RT @cryptopunk7777: ğŸ˜Sold with 0.06 #ETH
ğŸ§https://t.co/AT8y1APvpq

#NFTs #NFTdrop #ETH #NFTdrops #BTC #CyberSecurity #100DaysOfCode #Serverâ€¦"
198,['NEGATIVE'],[0.9685662388801575],0.0,0.0,1.0,0.0,@The3thNation sugarlilly.eth
199,['POSITIVE'],[0.9998134970664978],0.0,0.219,0.781,0.7096,"RT @CainBCHA: If you are a skilled software engineer interested in working on something new, and exciting, and open source, with the potentâ€¦"
200,['NEGATIVE'],[0.9981464147567749],0.0,0.0,1.0,0.0,"RT @GACCSalesBot: Grandpa Ape #1019 (Rank: #4698) bought for 0.585 ETH on OpenSea ğŸŒŠ https://t.co/EYrfukZRLQ 
 #GACC #GrandpaApeCountryClubâ€¦"
201,['NEGATIVE'],[0.9645717740058899],0.0,0.0,1.0,0.0,"RT @AntoniusCDN: Menteri BUMN Erick ThohirÂ memberikan rumah untuk keluarga korban Mei 1998. Erick beserta jajaran BUMN, termasuk dirut danâ€¦"
202,['NEGATIVE'],[0.9893333315849304],0.117,0.204,0.68,0.5574,"RT @SpocNFT: ğŸ”¥ #NFTGiveaway ğŸ”¥

Prizes:
ğŸ† $30 #ETH
ğŸ† 1x #NFT ($380+)
ğŸ 10x WL Spots

Steps:
1ï¸âƒ£ Follow @ooonimals
2ï¸âƒ£ Like â¤ï¸ &amp; RT ğŸ”ƒ
3ï¸âƒ£ Tagâ€¦"
203,['POSITIVE'],[0.9994389414787292],0.0,0.338,0.662,0.8479,The project promises to be rich and very multifaceted. It is very interesting to observe developments. This is a neâ€¦ https://t.co/hGEVCtpyCh
204,['NEGATIVE'],[0.9948835968971252],0.0,0.0,1.0,0.0,"Doodles NFTs at All Time High Floor Price of 17 ETH

âœ¨Visit https://t.co/ydtXerfWcQ or follow us for more #NFT newsâ€¦ https://t.co/QkgJdqc3Io"
205,['NEGATIVE'],[0.9907870888710022],0.0,0.334,0.666,0.9106,"RT @frtuff: ğŸ HUGE #NFTGiveaway â€¼ï¸

â­ï¸ Weâ€™re Giving Away 3 NFTs worth 0.08 ETH each (free mint) + 10X whitelist ğŸ’

To enter the draw:
1ï¸âƒ£ Jâ€¦"
206,['POSITIVE'],[0.9994056224822998],0.0,0.206,0.794,0.6361,We are incredibly excited to announce that KikiCats will soon be ready to prowl the Earth and are launching VERY soâ€¦ https://t.co/Cv0fGEm5kS
207,['NEGATIVE'],[0.9922176599502563],0.0,0.0,1.0,0.0,"ğŸš¨ - 0xcfe just bought #778 for 33 ETH ($93,691.62)

Collection: Moonbirds
Date: 2022-04-27 02:25:30 (GMT 0)

Detailâ€¦ https://t.co/mQjtvq0i1F"
208,['NEGATIVE'],[0.997687578201294],0.0,0.0,1.0,0.0,"RT @GACCSalesBot: Grandpa Ape #505 (Rank: #738) bought for 1.0 ETH on OpenSea ğŸŒŠ https://t.co/A1pyQSsUAM 
 #GACC #GrandpaApeCountryClub #NFTâ€¦"
209,['NEGATIVE'],[0.9885721206665039],0.0,0.0,1.0,0.0,"O Bitcoin teve apenas 4 semanas de queda consecutivas.

A Ãºltima vez que imprimiu 5 foi em 2014...ğŸ¤”

VocÃªs estÃ£o aproveitando as quedas???"
210,['NEGATIVE'],[0.9686828255653381],0.0,0.0,1.0,0.0,"@isaidelgoley *This collection is an attempt to present a person - as part of a living system, part of the space ocâ€¦ https://t.co/ShiCM72v76"
211,['NEGATIVE'],[0.9991287589073181],0.13,0.14,0.731,0.3182,"RT @emmygy_: Nobody should have an empty wallet, Rt &amp; drop your $eth I'll send you something ğŸ’°â¤

~Must be following/ğŸ””"
212,['NEGATIVE'],[0.9925454258918762],0.0,0.145,0.855,0.5267,"RT @NFTCupid: ğŸŒŸAzuki #NFT GiveawayğŸŒŸ

NFT Worth 25 $ETH ( $70,000 ) 

To Enter:
1ï¸âƒ£ Like + RT
2ï¸âƒ£ Follow @NFTCupid with ğŸ””

#NFTGiveaways #NFâ€¦"
213,['NEGATIVE'],[0.9871990084648132],0.0,0.228,0.772,0.7345,"RT @MetaRarityNFT: ğŸGIVEAWAY!ğŸ

Prizes:
ğŸ† $50 #ETH #Solana
ğŸ† 10x LEGION X Whitelist Spots

To Enter:
1âƒ£Follow @legionxnft &amp; @MetaRarityNFTâ€¦"
214,['NEGATIVE'],[0.9854934811592102],0.0,0.0,1.0,0.0,"RT @SKYmetaverseNFT: BREAKING Update #NFTCommunity and #CryptoTwitter,
#ElonMusk on the Verge of Buying #Twitter as Soon as Today.

Get Youâ€¦"
215,['NEGATIVE'],[0.9949224591255188],0.0,0.0,1.0,0.0,"RT @ensdomainbroker: Entry Price Update:

3-digit ENS Domain: 3 ETH

4-digit ENS Domain: 0.135 ETH"
216,['NEGATIVE'],[0.9828358292579651],0.0,0.106,0.894,0.7494,"RT @SolGiveaway_: ğŸ GIVEAWAY! ğŸ

ğŸ† $50 $SOL ! ğŸ’¸ğŸ’°
ğŸ†  1 x WL spot 

Must:
ğŸ‘‰ğŸ» - Follow 
@SolGiveaway_ 
+
@YokaiVerseIO 
ğŸ‘‰ğŸ» - â™»ï¸ + â¤ï¸
ğŸ‘‰ğŸ» - Tagâ€¦"
217,['NEGATIVE'],[0.9980148077011108],0.091,0.0,0.909,-0.34,"RT @KushCoinBSC: ğŸ”¥50 MILLION TOKEN BURNğŸ”¥

Follow Kush Coin ETH Twitter and Re-Tweet this post.

After 50 Re-Tweets I will BURN 50 Million Tâ€¦"
218,['NEGATIVE'],[0.9961571097373962],0.0,0.0,1.0,0.0,"https://t.co/aui7nadYi3
#NFT #NFTs #NFTCommmunity #nftcollector #NFTdrop #NFTartist  #NFTphotographersâ€¦ https://t.co/NIrdy12DCr"
219,['NEGATIVE'],[0.9930490255355835],0.0,0.535,0.465,0.8429,"RT @GizzyNFT: $1,000 #ETH FOR 1 LUCKY WINNER https://t.co/MSbnL7zib8"
220,['NEGATIVE'],[0.9615521430969238],0.0,0.262,0.738,0.8757,"RT @AntonCryptoNFT: Yassss! ğŸŠğŸ‰ğŸŠğŸ‰

The time has comeâ—
@BTCVantage Has Officially #LAUNCHED ğŸ¥‚ ğŸ¾

#BTC Rewards for Holders and Weekly #ETH Lotâ€¦"
221,['NEGATIVE'],[0.9993242025375366],0.2,0.0,0.8,-0.6705,@CryptoTea_ My coins were stolen from me by scammers about $7k in eth When I thought Iâ€™ve lost it all I was recommeâ€¦ https://t.co/vQK2Jy1dAs
222,['NEGATIVE'],[0.7548542022705078],0.0,0.203,0.797,0.5571,"Yeah! Why ain't y'all bitching about clothes dryers? They are the most inefficient device you own!
Instead of shortâ€¦ https://t.co/bdkAh1If5b"
223,['NEGATIVE'],[0.9985656142234802],0.0,0.0,1.0,0.0,"RT @SHIBAINUCRYPTON: $SHIB will pass Ethereum anyway, I'm just wondering if it can surpass #bitcoin. ğŸ¤”"
224,['NEGATIVE'],[0.9725540280342102],0.138,0.218,0.644,0.5574,"RT @ApeBalc: Free #NFT Giveaway

Drop ur $ETH , RTğŸ“Œ &amp; Follow @ApeBalc ğŸ”¥
To win one of our Latte Ape ğŸµ https://t.co/NQ6IL5n9UL"
225,['POSITIVE'],[0.9666481018066406],0.065,0.338,0.596,0.8774,"RT @TheKarmaCats: Join us for another Founders AMA! 
â°Wednesday 4/27 at 4pm EST!

Meet the team, ask questions, and win prizes.
ğŸ $100 in Eâ€¦"
226,['NEGATIVE'],[0.7702129483222961],0.0,0.342,0.658,0.926,"RT @eCoLoGy1990: ğŸ BIG APRIL GIVEAWAY

Prizes:
- 10 ppl win 100$ each (1000$ total in $ETH)
- 10 ppl win 1 #NFT each from my vault

To partâ€¦"
227,['NEGATIVE'],[0.988938570022583],0.0,0.204,0.796,0.7088,"RT @adashecrypto: ğŸ“£ Adashe Crypto Airdrop is live!

ğŸ† Reward for Tasks:    $5 worth of ADSE for 2000 random participants each.

ğŸ‘¨â€ğŸ‘©â€ğŸ‘§ Referâ€¦"
228,['NEGATIVE'],[0.9949150085449219],0.0,0.0,1.0,0.0,Will The Ethereum Merge Skyrocket ETH? https://t.co/XYZQpQ37eI https://t.co/MmxU0bTiwZ
229,['NEGATIVE'],[0.9971123933792114],0.0,0.0,1.0,0.0,"RT @GACCSalesBot: Grandpa Ape #3748 (Rank: #3151) bought for 1.85 ETH on OpenSea ğŸŒŠ https://t.co/89uDw9Kys0 
 #GACC #GrandpaApeCountryClub #â€¦"
230,['NEGATIVE'],[0.9945999383926392],0.173,0.149,0.678,-0.1779,"RT @_arjantit: 333.333 $SHIB ğŸ”¥ â€¢|| 33 HOURS â³

- Rt

- Join TG &gt; https://t.co/U3YdbiDj6a

- Join Discord &gt; https://t.co/aRJoi6byDB

#NFTGivâ€¦"
231,['NEGATIVE'],[0.9975715279579163],0.0,0.0,1.0,0.0,"RT @GACCSalesBot: Grandpa Ape #3209 (Rank: #4000) bought for 0.72 ETH on OpenSea ğŸŒŠ https://t.co/i7ldIi2wDd 
 #GACC #GrandpaApeCountryClub #â€¦"
232,['NEGATIVE'],[0.9816628098487854],0.0,0.202,0.798,0.7263,"RT @Asuki_Art_Pixel: #NFT #NFTGiveaways! ğŸ‘½ğŸ‰

To Enter: 
- Follow me + @Asuki_Art_Pixel &amp; @AyalaMacki
- RT &amp; â¤ï¸
- Tag 3 friends
#NFTCommunitâ€¦"
233,['NEGATIVE'],[0.994724452495575],0.0,0.0,1.0,0.0,"RT @kirstingives: $100 | 1,4 JUTA â€“ 24 HOURS 

($50)
RT &amp; Register + Complete KYC (+Proof) 
https://t.co/AUrf6vV6qM

($50)
Deposit &amp; Compleâ€¦"
234,['NEGATIVE'],[0.9785624146461487],0.0,0.24,0.76,0.5766,"$BTC $ETH $DOGE  Crowd-sourced alerts, ranking system, and get paid being a top contributor. JOIN CTâ€¦ https://t.co/gOHeMIkhhl"
235,['NEGATIVE'],[0.9971969127655029],0.0,0.0,1.0,0.0,"â€œMore information on how the partnership impacts $Urus token holders will be released soonâ€

$BTC $ETH $DOGE $UNIâ€¦ https://t.co/kqlH7rWN13"
236,['NEGATIVE'],[0.9973047971725464],0.0,0.102,0.898,0.3612,RT @Cephii1: Be ready for #luna.  ğŸš€ ğŸŒ You havenâ€™t seen anything yet. #btc #avax #ftm #sol #eth #one #tron https://t.co/Ak0rF1c1LP
237,['NEGATIVE'],[0.994361162185669],0.0,0.351,0.649,0.4019,RT @AltcoinGordon: Bitcoin testing support https://t.co/KHKEfxsOt4
238,['NEGATIVE'],[0.9900020360946655],0.0,0.22,0.78,0.7345,"RT @atNFTART: ğŸGIVEAWAY!ğŸ

Prizes:
ğŸ† $50 #ETH #Solana
ğŸ† 10x SlothRoob Whitelist Spots

To Enter:
1âƒ£Follow @SlothRoob &amp; @atNFTART 
2âƒ£RT, LIKâ€¦"
239,['NEGATIVE'],[0.9975626468658447],0.048,0.13,0.822,0.5267,"RT @0xHustler: Iâ€™ll pay a random personâ€™s rent on 5/1/22 who retweets this tweet within the next 96 hours. Paid in $ETH.

Winner must be foâ€¦"
240,['NEGATIVE'],[0.9890131950378418],0.0,0.225,0.775,0.7269,"RT @BlockBet_: ğŸ’°GIVEAWAYğŸ’°

Prizes:
ğŸ†0.3 $ETH ($1000) 

To Enter
1âƒ£Follow @BlockBet_ 
2âƒ£Like &amp; Retweet 
3âƒ£Tag 3 Friends
4âƒ£Subscribe to httpsâ€¦"
241,['POSITIVE'],[0.9996204376220703],0.0,0.132,0.868,0.5859,RT @KhemBey913: Ethâ€™s amazing how he can look into someones eyes and know ivrything they been thru plus he knows who is who on the planet.â€¦
242,['NEGATIVE'],[0.9878865480422974],0.067,0.088,0.845,0.1531,"RT @sereingives: $20 | 280K IDR â€¢ 6 HRS ğŸ’«

- RT + rt, like &amp; comment on quotedğŸ‘‡ğŸ»"
243,['POSITIVE'],[0.9961652755737305],0.119,0.337,0.545,0.6597,"The project seems to have great potential ğŸ”¥
Should definitely feature it on @GlobalNftCentre"
244,['POSITIVE'],[0.9950897097587585],0.0,0.471,0.529,0.8687,RT @medinnnft: @ElladaArt Hi Ellaâ™¥ï¸ 0.06 $ETH. Thank you for opportunity! https://t.co/NJCnJKruNc
245,['POSITIVE'],[0.9997726082801819],0.0,0.0,1.0,0.0,Fomo is realâ€¦
246,['NEGATIVE'],[0.9928070306777954],0.095,0.0,0.905,-0.2732,"RT @PUNKLVUS: Youâ€™ll receive 860,000,000.00

860,000,000.00 in $Shib  to the first 3000 people who follows and retweets

 Drop your $ETH waâ€¦"
247,['NEGATIVE'],[0.9982713460922241],0.092,0.088,0.82,-0.0329,"RT @Croesus_BTC: Many cars on the road could be traded in for a full #Bitcoin.  And yet aren't.  

This error will haunt many people when 1â€¦"
248,['NEGATIVE'],[0.9987329840660095],0.19,0.0,0.81,-0.7793,"RT @rovercrc: #BITCOIN BULL RUN 2022 SOON! ğŸ”¥ğŸ‘‡

If we get this rejection on the $DXY we could just see Bull Run 2022 getting started this weâ€¦"
249,['NEGATIVE'],[0.9805811643600464],0.0,0.0,1.0,0.0,"ãƒ“ãƒƒãƒˆã‚³ã‚¤ãƒ³ã§å„²ã‹ã£ã¦ã¾ã™ã‹
å–å¼•æ‰€ã¯BybitãŒãŠã™ã™ã‚ï¼
â­ï¸è©±é¡Œã®#BIT ãŒè³¼å…¥ã§ãã¾ã™
â­ï¸é »ç¹ã«å„²ã‹ã‚‹ã‚­ãƒ£ãƒ³ãƒšãƒ¼ãƒ³ã‚’æ‰“ã¡å‡ºã—ã¾ã™

#BTC #ETH #XRP #XML #QTYM #LSK #SAND  #LTC 

https://t.co/njlwk1zK1W"
250,['NEGATIVE'],[0.888604998588562],0.0,0.0,1.0,0.0,@RafiuAmiru @D_mahyor @probity
251,['NEGATIVE'],[0.9925454258918762],0.0,0.145,0.855,0.5267,"RT @NFTCupid: ğŸŒŸAzuki #NFT GiveawayğŸŒŸ

NFT Worth 25 $ETH ( $70,000 ) 

To Enter:
1ï¸âƒ£ Like + RT
2ï¸âƒ£ Follow @NFTCupid with ğŸ””

#NFTGiveaways #NFâ€¦"
252,['POSITIVE'],[0.9971802234649658],0.0,0.464,0.536,0.3818,Promote it on @NftEliteClub
253,['NEGATIVE'],[0.9977288842201233],0.0,0.0,1.0,0.0,"RT @GACCSalesBot: Grandpa Ape #3964 (Rank: #1055) bought for 2.0 ETH on OpenSea ğŸŒŠ https://t.co/Ovpy5SAqxN 
 #GACC #GrandpaApeCountryClub #Nâ€¦"
254,['NEGATIVE'],[0.9953017234802246],0.0,0.0,1.0,0.0,"BTC: $38384, ETH: $0, DASH: $0, XRP: $0 LTC: $0 ETC: $0 #Cryptocurrency #PriceUpdate"
255,['POSITIVE'],[0.9766170382499695],0.0,0.071,0.929,0.0772,"RT @GETFactET: While the unity within the diversity of Ethiopians has overcome generational challenges, including Adwa, tribalistic agendasâ€¦"
256,['NEGATIVE'],[0.9863318204879761],0.0,0.129,0.871,0.5719,"RT @CryptoVonDoom: LFG ğŸ‘

To celebrate our new dad AKA Elon Musk buying Twitter for $44,000,000,000 I am going to give 44 people ETH or anâ€¦"
257,['POSITIVE'],[0.9976497292518616],0.0,0.0,1.0,0.0,"RT @rodrigo_hodl: Tell me about a project that brings something unique to the scene ğŸ’

#NFT #NFTs #NFTCommunity #BSCGems #ETHGems #MagicEdeâ€¦"
258,['NEGATIVE'],[0.9875132441520691],0.0,0.087,0.913,0.2263,"RT @BitcoinMagazine: The Texas Blockchain Council has donated three S9 #bitcoin miners to Fort Worth, Texas for a six-month trial allowingâ€¦"
259,['NEGATIVE'],[0.9925454258918762],0.0,0.145,0.855,0.5267,"RT @NFTCupid: ğŸŒŸAzuki #NFT GiveawayğŸŒŸ

NFT Worth 25 $ETH ( $70,000 ) 

To Enter:
1ï¸âƒ£ Like + RT
2ï¸âƒ£ Follow @NFTCupid with ğŸ””

#NFTGiveaways #NFâ€¦"
260,['POSITIVE'],[0.9977099895477295],0.0,0.303,0.697,0.7506,"RT @CryptoListy: Supports all #crypto tax reports, supports #Bitcoin, #Ethereum, And more, works seamlessly and easily. @koinly got all thaâ€¦"
261,['NEGATIVE'],[0.9942386150360107],0.0,0.0,1.0,0.0,@Fame21Moore OMG !! My ETH came in my account! got 12 ! https://t.co/RXU166EfDX
262,['NEGATIVE'],[0.993515133857727],0.0,0.0,1.0,0.0,"numbers = rarity ğŸ‘€

#ensdomains #ensdomain #ens #web3 #Metaverse #meta #ETH #Ethereum #NFTs #NFT #NFTCommunityâ€¦ https://t.co/qRdYAg7NRe"
263,['NEGATIVE'],[0.9946335554122925],0.0,0.0,1.0,0.0,"New $ENS domain registrations 

march17.eth
ascencion.eth
marshaullee.eth
51017.eth
garyveeftw.eth
help365.eth
0003â€¦ https://t.co/NwPZ2ja2ql"
264,['NEGATIVE'],[0.9928755760192871],0.0,0.112,0.888,0.4404,"RT @metararity: ğŸ#GiveawayğŸ

We've partnered with @bloodmoneyclub to give away

$400 (4x $100) #ETH or #Solana
10x BloodBuddi WL Spots

Toâ€¦"
265,['NEGATIVE'],[0.9869133830070496],0.0,0.0,1.0,0.0,"RT @_arjantit: 333.333 $SHIBA SÄ°ZLERÄ° BEKLÄ°YOR ! 

â¬‡ï¸â¬‡ï¸â¬‡ï¸â¬‡ï¸â¬‡ï¸â¬‡ï¸â¬‡ï¸â¬‡ï¸â¬‡ï¸â¬‡ï¸â¬‡ï¸â¬‡ï¸â¬‡ï¸"
266,['POSITIVE'],[0.9944603443145752],0.0,0.223,0.777,0.743,You ever wonder who of the people you met through NFTs are your real friends and genuinely care and how many just câ€¦ https://t.co/QgPUUie54r
267,['NEGATIVE'],[0.9849407076835632],0.0,0.217,0.783,0.3612,@seanonolennon What do you think about crypto like eth etc?
268,['POSITIVE'],[0.9971587657928467],0.0,0.42,0.58,0.4404,"Good project
@Absalam18578255 
@MdKhaledSarker3 
@Mdliton75397380"
269,['NEGATIVE'],[0.9949343800544739],0.0,0.0,1.0,0.0,@Bitcoin M https://t.co/30NdAMk2yN
270,['NEGATIVE'],[0.8826197385787964],0.0,0.161,0.839,0.3182,Goodnight âœ¨ğŸŒº #art #artist #contemporaryart #contemporarypainting #Flowers #contemporaryart #NFT #NFTCommunity #rareâ€¦ https://t.co/dHwybPBjlK
271,['POSITIVE'],[0.970503032207489],0.092,0.215,0.692,0.4939,"RT @ManipulateCoins: â€œ#Manipulate Your Opponents, Multiply Your Fundsâ€ ğŸ˜ğŸ”¥ğŸ‰

Introducing Multiple #Innovative Utilities Which Will Focus Strâ€¦"
272,['POSITIVE'],[0.5207127928733826],0.058,0.337,0.604,0.911,"RT @RealMoneyApe: WIN 0.02 $ETH | 48HğŸ”¥

To help you get a hold of a FREE @BEANS_nfts pet on 4/27 we are giving 0.02 ETH!
You'll need it toâ€¦"
273,['NEGATIVE'],[0.9963794350624084],0.0,0.059,0.941,0.128,"RT @MeebitsDAO: If you're feeling priced out of Meebits, check out $MBBT -- 100K ERC20 tokens that represent proxy ownership of a pool of 9â€¦"
274,['NEGATIVE'],[0.9822196960449219],0.0,0.0,1.0,0.0,@CreativeMessNFT https://t.co/9P3QY4tw3l
275,['NEGATIVE'],[0.9574112892150879],0.0,0.301,0.699,0.784,"RT @lalfye: 3 Winners | ETH/NFT â€¢ 120 Minutes

-RT + Follow Me ğŸ””

(Bonus: enter pinned!ğŸ“Œ)"
276,['NEGATIVE'],[0.9851255416870117],0.0,0.0,1.0,0.0,"Do you know any humble politicians? 
My  #ART with my #MUSIC #song #abstract #cryptic #crypto #mystery #flow onâ€¦ https://t.co/F3QoTbAhfh"
277,['NEGATIVE'],[0.9937354922294617],0.0,0.0,1.0,0.0,"RT @FeverFlyers: ğŸ¦ YOU'RE EARLY ğŸ¦

Any Interaction Will Be Considered For WL! ğŸ””

#NFTs #NFTCommunity #NFTdrop #NFT #NFTGiveaway #Feverflyerâ€¦"
278,['NEGATIVE'],[0.9930490255355835],0.0,0.535,0.465,0.8429,"RT @GizzyNFT: $1,000 #ETH FOR 1 LUCKY WINNER https://t.co/MSbnL7zib8"
279,['NEGATIVE'],[0.9963585734367371],0.0,0.0,1.0,0.0,RT @naiivememe: #Bitcoin https://t.co/t0IbLV239z
280,['NEGATIVE'],[0.9822949171066284],0.0,0.24,0.76,0.5766,"$BTC $ETH $DOGE  Crowd-sourced alerts, ranking system, and get paid being a top contributor. JOIN CTâ€¦ https://t.co/q0hIsMnedx"
281,['NEGATIVE'],[0.9434464573860168],0.0,0.248,0.752,0.7639,"RT @RaritySniperNFT: Giveaway! ğŸ‰â€
â€
We are giving away 12x PSILO NFTs from @psilonft, worth ~1 ETH! ğŸ¤–
â€
To enter:â€
1. Follow @RaritySniperNâ€¦"
282,['NEGATIVE'],[0.9965141415596008],0.108,0.17,0.722,0.296,"RT @XaiYasui: Free #NFT giveawayğŸš¨

Drop your $ETH address, Follow &amp; RT https://t.co/rpuOGOpk6T"
283,['POSITIVE'],[0.5207127928733826],0.058,0.337,0.604,0.911,"RT @RealMoneyApe: WIN 0.02 $ETH | 48HğŸ”¥

To help you get a hold of a FREE @BEANS_nfts pet on 4/27 we are giving 0.02 ETH!
You'll need it toâ€¦"
284,['NEGATIVE'],[0.9727556705474854],0.0,0.099,0.901,0.296,RT @Definews_Info: ğŸª™@EmpMoneyBSC offers the first decentralized algorithmic stable coin on #BNBChain pegged to the price of #ETH with TVL &gt;â€¦
285,['POSITIVE'],[0.7889636158943176],0.0,0.264,0.736,0.836,"RT @ThePhatPenguins: â„ï¸ğŸ§ FREE MINT IS LIVE!!! ğŸ§â„ï¸

Finally time to meet your PHAT PENGUINS!!! ğŸ‰

Minting Site: https://t.co/y9YofAZOIW ğŸ§

Lâ€¦"
286,['NEGATIVE'],[0.963509202003479],0.0,0.175,0.825,0.5255,"RT @CryptoVonDoom: Going to pick the next 10 winners on this between now and tomorrow morning!
https://t.co/hgN4rAjBuN"
287,['NEGATIVE'],[0.9979396462440491],0.0,0.0,1.0,0.0,"RT @GACCSalesBot: Grandpa Ape #4050 (Rank: #2127) bought for 0.6 ETH on OpenSea ğŸŒŠ https://t.co/nnA7OVtfHw 
 #GACC #GrandpaApeCountryClub #Nâ€¦"
288,['NEGATIVE'],[0.9916989803314209],0.0,0.122,0.878,0.4926,"RT @metararity: ğŸHUGE #NFTGiveawayğŸ

We've partnered with @possiblesnft to give away 

ğŸ† $1000 (10x $100)
10x WL Spots!
2x Possibles #NFT,â€¦"
289,['POSITIVE'],[0.5207127928733826],0.058,0.337,0.604,0.911,"RT @RealMoneyApe: WIN 0.02 $ETH | 48HğŸ”¥

To help you get a hold of a FREE @BEANS_nfts pet on 4/27 we are giving 0.02 ETH!
You'll need it toâ€¦"
290,['NEGATIVE'],[0.9916159510612488],0.037,0.0,0.963,-0.1027,"RT @Otgolden1: @Sapeofficialeth ğŸ‘‡
âœ…Passive Income
âœ…Multi chain swap
âœ…Credit card/apple/Google pay 
âœ…auto buyback and burns
âœ…Free NFTs Firstâ€¦"
291,['NEGATIVE'],[0.9990589022636414],0.128,0.176,0.697,0.2732,"RT @JobPreference: NEED a #JOB?
Sign up now https://t.co/o7lVlsCHXv
FREE. NO MIDDLEMEN
#Jobs #AI #DataAnalytics #MachineLearning #Python #Jâ€¦"
292,['POSITIVE'],[0.5207127928733826],0.058,0.337,0.604,0.911,"RT @RealMoneyApe: WIN 0.02 $ETH | 48HğŸ”¥

To help you get a hold of a FREE @BEANS_nfts pet on 4/27 we are giving 0.02 ETH!
You'll need it toâ€¦"
293,['NEGATIVE'],[0.9787485599517822],0.0,0.091,0.909,0.0772,"Number of Decentralized Applications on Ethereum Scaling Platform Polygon Surpass 19,000Â 
https://t.co/oRdSS0oyjZ
#nft #tezos"
294,['NEGATIVE'],[0.9915071129798889],0.0,0.0,1.0,0.0,"Wen Lambo fixed? Mechanic receives first payment in Bitcoin to mend Lamborghini
https://t.co/TzsLO7kQ53
#nft #tezos"
295,['NEGATIVE'],[0.9659264087677002],0.0,0.0,1.0,0.0,"@harukaronin @LlamascapeNFT prolificp.eth|Ukiyo|NYB#8747
@Travis228228 @stenoschmeno @M0buisStrip"
296,['NEGATIVE'],[0.996874213218689],0.0,0.0,1.0,0.0,"RT @winebanks: Another $NEAR #NFTGiveaway! 
Check out this dope AstroPup!
 @AstroVerse_CLTV @nearnauts 

- Follow @winebanks &amp; @Prnvlol 

-â€¦"
297,['POSITIVE'],[0.9978341460227966],0.0,0.0,1.0,0.0,RT @JohnEDeaton1: This is symbolic in so many ways of the divided politics in the U.S.
298,['NEGATIVE'],[0.9722248911857605],0.0,0.282,0.718,0.7424,"RT @eshaghfathi: $55000 in $ETH ğŸ

âœ…RT my ğŸ“Œ&amp; follow 
                            ( 555 winners!ğŸ†)"
299,['NEGATIVE'],[0.9848255515098572],0.0,0.138,0.862,0.4939,"RT @AishahAmin8: Ni bukan inspired. This is 100% a copycat.. Lat's style is very distinctive..ini lukisan, concept, tulisan.. all too similâ€¦"
300,['NEGATIVE'],[0.9997000694274902],0.227,0.0,0.773,-0.4767,"Is the graphic chip shortage coming to an end with the latest price drop 
https://t.co/DjD2ej3QFo https://t.co/PJA3UJg6mR"
301,['NEGATIVE'],[0.9875049591064453],0.0,0.33,0.67,0.8957,"RT @lalfye: $1000 #ETH âœ¨ 

- Like, RT &amp; Follow Myself ( ğŸ”” )
- Tag A Friend

(Unlimited Entries, 1 Tag = 1 Entry)

Winner announced tomorrow."
302,['NEGATIVE'],[0.9893333315849304],0.117,0.204,0.68,0.5574,"RT @SpocNFT: ğŸ”¥ #NFTGiveaway ğŸ”¥

Prizes:
ğŸ† $30 #ETH
ğŸ† 1x #NFT ($380+)
ğŸ 10x WL Spots

Steps:
1ï¸âƒ£ Follow @ooonimals
2ï¸âƒ£ Like â¤ï¸ &amp; RT ğŸ”ƒ
3ï¸âƒ£ Tagâ€¦"
303,['NEGATIVE'],[0.9968034029006958],0.0,0.0,1.0,0.0,"https://t.co/umfq2Moxan
#NFT #NFTs #NFTCommmunity #NFTGiveaway #nftcollector #NFTdrop #NFTcollections #NFTartistâ€¦ https://t.co/gNrmn9RfbP"
304,['POSITIVE'],[0.7483506202697754],0.0,0.228,0.772,0.7345,"RT @MetaRarityNFT: ğŸGIVEAWAY!ğŸ

Prizes:
ğŸ† $50 #ETH #Solana
ğŸ† 10x Witty Rhino Whitelist Spots

To Enter:
1âƒ£Follow @WittyRhinoClub &amp; @MetaRarâ€¦"
305,['NEGATIVE'],[0.9953600764274597],0.0,0.067,0.933,0.2023,"RT @Otgolden1: @sapeofficialeth is The king of passive income - $SAPE &amp; $BSAPE.
With 10B $BSAPE and a volume of 1M/day you will have $600 aâ€¦"
306,['NEGATIVE'],[0.9752471446990967],0.0,0.0,1.0,0.0,"RT @JeonMyeo: Setelah 24 thn berlalu, mgkn byk yg sdh melupakan ortu korban, ttp Menteri BUMN Erick Thohir beserta jajaran BUMN, trmasuk diâ€¦"
307,['NEGATIVE'],[0.9928748607635498],0.0,0.091,0.909,0.296,"RT @chimpstronaut: ğŸµCHIMPSTRONAUT IS LAUNCHING IN LESS THAN 1 HOURğŸš€

LAUNCH :18:00 UTC 
INITIAL MC: 150K 

Join our TG : https://t.co/xazgpâ€¦"
308,['NEGATIVE'],[0.9925289154052734],0.0,0.058,0.942,0.34,"ğŸš¨ğŸš¨60 DAYS BAPES GENESIS 1 REPORT
FP:2.4 ETHâœ…
Value: +733%âœ…
Market Cap: $16.56Mâœ…
Vaulted Rate: 89.00%âœ…
Listed: &lt;1.00â€¦ https://t.co/v1qbmaHLmm"
309,['POSITIVE'],[0.5207127928733826],0.058,0.337,0.604,0.911,"RT @RealMoneyApe: WIN 0.02 $ETH | 48HğŸ”¥

To help you get a hold of a FREE @BEANS_nfts pet on 4/27 we are giving 0.02 ETH!
You'll need it toâ€¦"
310,['NEGATIVE'],[0.9863318204879761],0.0,0.129,0.871,0.5719,"RT @CryptoVonDoom: LFG ğŸ‘

To celebrate our new dad AKA Elon Musk buying Twitter for $44,000,000,000 I am going to give 44 people ETH or anâ€¦"
311,['NEGATIVE'],[0.9875049591064453],0.0,0.33,0.67,0.8957,"RT @lalfye: $1000 #ETH âœ¨ 

- Like, RT &amp; Follow Myself ( ğŸ”” )
- Tag A Friend

(Unlimited Entries, 1 Tag = 1 Entry)

Winner announced tomorrow."
312,['NEGATIVE'],[0.9703571796417236],0.0,0.0,1.0,0.0,"RT @Rajwant38869482: ğŸ¥€ğŸ¥€ğŸ¥€ğŸ¥€ğŸ¥€à¤¸à¥à¤ªà¥à¤°à¤­à¤¾à¤¤ğŸ¥€ğŸ¥€ğŸ¥€ğŸ¥€
ğŸŒ¹ à¤¹à¤¾à¤¥à¥€, à¤˜à¥‹à¤¡à¤¼à¤¾, à¤ªà¤¾à¤²à¤•à¥€, à¤œà¤¯ à¤•à¤¨à¥à¤¹à¥ˆà¤¯à¤¾ à¤²à¤¾à¤² à¤•à¥€ğŸ¥€
ğŸ¥€ğŸ¥€ğŸ¥€à¤œà¤¯ à¤¶à¥à¤°à¥€ à¤°à¤¾à¤§à¥‡ à¤•à¥ƒà¤·à¥à¤£à¤¾ ğŸ¥€
#Bitcoin #WednesdayMotivation httpâ€¦"
313,['POSITIVE'],[0.9905907511711121],0.0,0.366,0.634,0.9247,"RT @ronggowp: â˜•GMâ˜• Wishing everyone a great Wednesday, may the universe bless you with all good things ğŸ™‚ğŸ™

ğŸ†Small FireworksğŸ†
2D Handpaintedâ€¦"
314,['NEGATIVE'],[0.9665900468826294],0.29,0.238,0.472,-0.1943,"Ethereum Classic Fear and Greed Index is currently 25 - STRONG FEAR

24h technical analysis index: 25 - STRONG SELLâ€¦ https://t.co/Jm2KIViPOv"
315,['POSITIVE'],[0.9925646781921387],0.0,0.143,0.857,0.4588,@dumbnamenumbers @SOLPlayboy @okaybears @reginald_crypto We are glad to have you mate. I also buy ETH NFTs and willâ€¦ https://t.co/QBPc6MLMD6
316,['NEGATIVE'],[0.9926482439041138],0.101,0.291,0.609,0.8016,"RT @OqaNft: ğŸ’« #GIVEAWAY ğŸ’«

To help you get a hold of a free pet on the 27th, I'm giving away 0.02 $ETH! (60$)

Make sure you're holding 2xâ€¦"
317,['NEGATIVE'],[0.8028532862663269],0.0,0.348,0.652,0.906,"RT @mattgee: âœ¨ETH GIVEAWAYğŸš€

to celebrate 20k, iâ€™m sending .05 ETH to 2 people who follow, like, retweet, and tag 3 frens! ğŸ‰

winners pickeâ€¦"
318,['NEGATIVE'],[0.6718527674674988],0.102,0.098,0.8,0.2263,"RT @PrestonPysh: The hard part isn't changing the code.

The hard part is convincing the world to use YOUR version of the code.
  
Money =â€¦"
319,['NEGATIVE'],[0.9916159510612488],0.037,0.0,0.963,-0.1027,"RT @Otgolden1: @Sapeofficialeth ğŸ‘‡
âœ…Passive Income
âœ…Multi chain swap
âœ…Credit card/apple/Google pay 
âœ…auto buyback and burns
âœ…Free NFTs Firstâ€¦"
320,['NEGATIVE'],[0.994724452495575],0.0,0.0,1.0,0.0,"RT @kirstingives: $100 | 1,4 JUTA â€“ 24 HOURS 

($50)
RT &amp; Register + Complete KYC (+Proof) 
https://t.co/AUrf6vV6qM

($50)
Deposit &amp; Compleâ€¦"
321,['POSITIVE'],[0.9667583703994751],0.18,0.0,0.82,-0.6187,"RT @TheCryptoLark: Market psychology never ceases to amaze me. Everyone wants to buy when the market is pumping, and no one wants to buy whâ€¦"
322,['NEGATIVE'],[0.9954890608787537],0.0,0.19,0.81,0.5093,"@dripnames One word ! 

apricots.eth 
glaciers.eth 
defuel.eth 
macaroons.eth 

https://t.co/lZUYHoCM8g 

100 ENS in one collection  :)"
323,['POSITIVE'],[0.5207127928733826],0.058,0.337,0.604,0.911,"RT @RealMoneyApe: WIN 0.02 $ETH | 48HğŸ”¥

To help you get a hold of a FREE @BEANS_nfts pet on 4/27 we are giving 0.02 ETH!
You'll need it toâ€¦"
324,['NEGATIVE'],[0.9782020449638367],0.0,0.0,1.0,0.0,"ãƒ“ãƒƒãƒˆã‚³ã‚¤ãƒ³å°‚é–€åº—ã€ŠBitcoinShopã€‹

å½“åº—ã§ã¯è©±é¡Œã®ä»®æƒ³é€šè²¨Bitcoin ã‚’å§‹ã‚æ§˜ã€…ãªãƒ¬ã‚¢ã‚³ã‚¤ãƒ³ã‚’å–ã‚Šæ‰±ã£ã¦ãŠã‚Šã¾ã™ã€‚ 

ã‚³ãƒ¬ã‚¯ã‚·ãƒ§ãƒ³ã«ã„ã‹ãŒã§ã—ã‚‡ã†ã‹ã€‚

https://t.co/20HzQq8WtU"
325,['NEGATIVE'],[0.754652202129364],0.057,0.356,0.587,0.8461,"@EricCLFung Probably 1 eth, we bounced straight off it twice now. Whales swept so a clear demand zone ğŸ‘ŒğŸ¼"
326,['NEGATIVE'],[0.9952215552330017],0.0,0.0,1.0,0.0,@XRP_Productions @XRPisKey589 OMG !! My ETH came in my account! got 12 ! https://t.co/616aMSFblz
327,['NEGATIVE'],[0.9953600764274597],0.0,0.067,0.933,0.2023,"RT @Otgolden1: @sapeofficialeth is The king of passive income - $SAPE &amp; $BSAPE.
With 10B $BSAPE and a volume of 1M/day you will have $600 aâ€¦"
328,['NEGATIVE'],[0.9981158971786499],0.0,0.08,0.92,0.25,"RT @Harrythehorse8: @wef In spain we are using biogas to mine bitcoin

the biogas is created from pork slurry

that means we have ceritfiedâ€¦"
329,['POSITIVE'],[0.9588252902030945],0.0,0.309,0.691,0.5859,"@DEGENERAL718 Join the community, let's increase our number every day and earn more every day.â€¦ https://t.co/pAJESInXex"
330,['NEGATIVE'],[0.9663229584693909],0.0,0.0,1.0,0.0,RT @CooLFxDayTrader: #btc sabah beklentÄ±mÄ±z doÄŸrultusunda gerÄ± cekÄ±lme yapmaya baÅŸladÄ±. kÃ¼Ã§Ã¼k bir dÃ¼zeltme bize yeter. buralardan en kÃ¶tu 3â€¦
331,['NEGATIVE'],[0.9945482611656189],0.0,0.0,1.0,0.0,@ThugzOGThugz https://t.co/1v0TOabBY1
332,['NEGATIVE'],[0.9965786337852478],0.0,0.0,1.0,0.0,@jf_nft 0.15 $ETH https://t.co/tHGXXEcvAc
333,['NEGATIVE'],[0.9074205756187439],0.0,0.224,0.776,0.6369,"Good news âœ¨ 

Our NFTs on sale 0.5 ETH @rarible 

â€¢â€¢ Crypto Crony #002 â€¢â€¢ 

Link : https://t.co/8OoiizJiuwâ€¦

#NFTsâ€¦ https://t.co/vdNBvrk4QV"
334,['NEGATIVE'],[0.922478973865509],0.0,0.248,0.752,0.7412,"RT @CoinDemon_CHW: New UK CoinHuntWorld Podcast

1 Red Key Giveaway!
400 Retweets!
1 in 400 chance of winning!
#coinhuntworld #chw #coinhunâ€¦"
335,['NEGATIVE'],[0.9990816116333008],0.0,0.208,0.792,0.6114,"RT @dripnames: Congrats go to 8207.eth for being the last 10k number minted! 
*fucking degens cleaned that list in 6 hours*"
336,['NEGATIVE'],[0.9977295994758606],0.0,0.0,1.0,0.0,"RT @GACCSalesBot: M2 Mutant Serum bought for 0.53 ETH on OpenSea ğŸŒŠ https://t.co/jq3MMkNsY6 
 #GACC #MACC #GrandpaApeCountryClub #MutantApeCâ€¦"
337,['NEGATIVE'],[0.9946808218955994],0.0,0.0,1.0,0.0,"Apenaut NFTs
https://t.co/65IPGrnk0Y
#nfts #nft #cryptoart #fifa #ethereum #crypto #bitcoin #artofthedayâ€¦ https://t.co/dLgXFYwOLd"
338,['NEGATIVE'],[0.9716723561286926],0.0,0.268,0.732,0.7717,"RT @GizzyNFT: Iâ€™m giving one lucky member of the #GizzyGang ğŸ¦‰ $800 in $ETH

Steps:
Like, Retweet &amp; Follow @GizzyNFT 

I host giveaways everâ€¦"
339,['NEGATIVE'],[0.9448511600494385],0.0,0.288,0.712,0.8357,"RT @airdropinspect: New airdrop: Crypto Metropolis (CTM)
Total Reward: 100000 CTM &amp; NFT
Rate:â­ï¸â­ï¸â­ï¸â­ï¸
Winners: 2000 Random &amp; Top 200
Distriâ€¦"
340,['NEGATIVE'],[0.9978850483894348],0.0,0.0,1.0,0.0,"RT @GACCSalesBot: Grandpa Ape #513 (Rank: #2198) bought for 0.855 ETH on OpenSea ğŸŒŠ https://t.co/H9tS3xgMRG 
 #GACC #GrandpaApeCountryClub #â€¦"
341,['NEGATIVE'],[0.9825177788734436],0.088,0.0,0.912,-0.34,"RT @WraithCustoms: Today's Gun of the Day

Today we have the Legendary Beretta 92FS. Used for decades by the US Military, it had a 4.9"" barâ€¦"
342,['NEGATIVE'],[0.9932576417922974],0.0,0.283,0.717,0.7717,"RT @MeepiksClub: $500 in $ETH | 1 winner ğŸ’¸
Rt + follow | 24h ğŸ https://t.co/LLE8Am46Rd"
343,['NEGATIVE'],[0.9972844123840332],0.081,0.114,0.805,0.2225,"RT @eshaghfathi: Iâ€™m giving $195,000 in $APE or $eth to the first 3900 people who follows and retweets!!

Drop your #ETH wallet address"
344,['NEGATIVE'],[0.9997208714485168],0.134,0.159,0.707,0.1065,RT @wen_logic: @CryptoWendyO I wonder what the TVS is on Ethereum: Total Value Stuck.
345,['NEGATIVE'],[0.9168024659156799],0.0,0.368,0.632,0.9184,"RT @CawArmyOfficial: $40.000 Giveaway! â˜€ï¸ğŸ¤«

Giving Away $2,000 in $ETH to 20 winner lucky and fast â™»ï¸ , 
â¡ï¸ like, share this post &amp; followâ€¦"
346,['NEGATIVE'],[0.9914142489433289],0.0,0.0,1.0,0.0,"RT @ktrap: Current 3-digit ENS domain floor ğŸ‘€

617.eth: 3.99 ETH
936.eth: 4 ETH
135.eth: 4 ETH
751.eth: 4.269 ETH
432.eth: 4.32 ETH
238.ethâ€¦"
347,['POSITIVE'],[0.9665496349334717],0.0,0.191,0.809,0.5423,Our creator is creating âœ¨ we canâ€™t wait to show you whatâ€™s in store. Sneak peek incoming at 300 followers ğŸš€
348,['NEGATIVE'],[0.9964336156845093],0.118,0.0,0.882,-0.34,"@creat3nft ğŸ”¥**New**ğŸ”¥ #NFTartist #NFTdrop #NFT collection on #openseanfts 

Currently 0.065 - 0.1 $ETH - Get in earlâ€¦ https://t.co/BcniGIpGQx"
349,['NEGATIVE'],[0.9851135015487671],0.0,0.22,0.78,0.7345,"RT @atNFTART: ğŸGIVEAWAY!ğŸ

Prizes:
ğŸ† $50 #ETH #Solana
ğŸ† 3x Gates of Imaginarium Whitelist Spots

To Enter:
1âƒ£Follow @Imaginarium_SOL &amp; @atNâ€¦"
350,['NEGATIVE'],[0.994265615940094],0.0,0.0,1.0,0.0,RT @bigearedapes: #BEAC # 9654 purchase for 0.006 $ETH https://t.co/gzKhU0z3sl
351,['NEGATIVE'],[0.9968570470809937],0.0,0.17,0.83,0.5423,"RT @terareum: Did you know - Terapool Launchpad will have #Terareum #TERA among the Supported stable tokens ETH, USDT, BNB for new tokens tâ€¦"
352,['NEGATIVE'],[0.9925454258918762],0.0,0.145,0.855,0.5267,"RT @NFTCupid: ğŸŒŸAzuki #NFT GiveawayğŸŒŸ

NFT Worth 25 $ETH ( $70,000 ) 

To Enter:
1ï¸âƒ£ Like + RT
2ï¸âƒ£ Follow @NFTCupid with ğŸ””

#NFTGiveaways #NFâ€¦"
353,['NEGATIVE'],[0.9893565773963928],0.0,0.108,0.892,0.4404,"RT @metararity: ğŸ#GiveawayğŸ

We've partnered with @pionauts to give away

$400 (4x $100) #ETH or #Solana

To Enter:
1âƒ£Follow @pionauts &amp; @Mâ€¦"
354,['POSITIVE'],[0.9906573295593262],0.0,0.213,0.787,0.6901,"RT @TimmerFidelity: Bitcoin will likely evolve from the early go-go days to a more mature two-way market, driven by network growth and theâ€¦"
355,['NEGATIVE'],[0.9963585734367371],0.0,0.0,1.0,0.0,RT @naiivememe: #Bitcoin https://t.co/t0IbLV239z
356,['NEGATIVE'],[0.9930175542831421],0.0,0.0,1.0,0.0,"@0xPalladium BrunSoul.eth
https://t.co/ATJ13qI5nJ"
357,['NEGATIVE'],[0.9974334836006165],0.0,0.0,1.0,0.0,"RT @GACCSalesBot: M1 Mutant Serum bought for 0.38 ETH on OpenSea ğŸŒŠ https://t.co/191s17Lzhd 
 #GACC #MACC #GrandpaApeCountryClub #MutantApeCâ€¦"
358,['NEGATIVE'],[0.9987176656723022],0.161,0.0,0.839,-0.5859,"RT @Mrs_Cuddlez: Solana is below 100, TPS is lower than ETH, and everyone might have just minted the rug of the year.

You can all fight inâ€¦"
359,['POSITIVE'],[0.8964611887931824],0.0,0.163,0.837,0.6249,RT @LastCoinStandng: @Dennis_Porter_ New York banning itself from #bitcoin mining is great news. We need the game theory to manifest on botâ€¦
360,['NEGATIVE'],[0.9946799874305725],0.0,0.0,1.0,0.0,@_SPREE__ https://t.co/1v0TOabBY1
361,['NEGATIVE'],[0.8836610913276672],0.152,0.0,0.848,-0.3612,"RT @mcqevan: As the saying goesâ€¦ it happens gradually, and then all at once. ğŸ’¥"
362,['NEGATIVE'],[0.996222972869873],0.0,0.0,1.0,0.0,"https://t.co/U57AcGaLEE
#NFT #NFTs #NFTCommmunity #NFTGiveaway #nftcollector #NFTdrop #NFTcollections #NFTartistâ€¦ https://t.co/tLlLhzMaUs"
363,['NEGATIVE'],[0.9819731712341309],0.0,0.24,0.76,0.5766,"$BTC $ETH $DOGE  Crowd-sourced alerts, ranking system, and get paid being a top contributor. JOIN CTâ€¦ https://t.co/3JpjQqwrhZ"
364,['NEGATIVE'],[0.998710036277771],0.109,0.0,0.891,-0.296,"Do you know $HAKU @HakuSwap 
#HakuSwap runs on Avalanche, a blockchain with much lower transaction costs than Etherâ€¦ https://t.co/h8912l6Tpk"
365,['NEGATIVE'],[0.9925454258918762],0.0,0.145,0.855,0.5267,"RT @NFTCupid: ğŸŒŸAzuki #NFT GiveawayğŸŒŸ

NFT Worth 25 $ETH ( $70,000 ) 

To Enter:
1ï¸âƒ£ Like + RT
2ï¸âƒ£ Follow @NFTCupid with ğŸ””

#NFTGiveaways #NFâ€¦"
366,['POSITIVE'],[0.9256343841552734],0.159,0.0,0.841,-0.5574,RT @Dennis_Porter_: BREAKING: New York passes bill in the assembly to ban #Bitcoin mining. Bill now advances to the Senate.
